"title","doi","primary_location"
"Traffic Optimization Through Waiting Prediction and Evolutive Algorithms","10.9781/ijimai.2023.12.001","https://doi.org/10.9781/ijimai.2023.12.001"
"Automatic Topic Label Generation using Conversational Models","10.1145/3587259.3627574",""
"Report on Data Homogenisation for High-value Datasets","10.2830/446704",""
"Is Automated Consent in Solid GDPR-Compliant? An Approach for Obtaining Valid Consent with the Solid Protocol","10.3390/info14120631","https://www.mdpi.com/2078-2489/14/12/631/pdf?version=1700836284"
"A Review of Bias and Fairness in Artificial Intelligence","10.9781/ijimai.2023.11.001","https://doi.org/10.9781/ijimai.2023.11.001"
"Softalias-KG: Reconciling Software Mentions in Scientific Literature.","",""
"SALTBot: Linking Software and Articles in Wikidata.","",""
"The Semantic Web ? ISWC 2023. 22nd International Semantic Web Conference, Athens, Greece, November 6?10, 2023, Proceedings, Part","",""
"Uncovering hidden therapeutic indications through drug repurposing with graph neural networks and heterogeneous data","10.1016/j.artmed.2023.102687",""
"A Scoping Review on the Progress, Applicability, and Future of Explainable Artificial Intelligence in Medicine","10.3390/app131910778","https://www.mdpi.com/2076-3417/13/19/10778/pdf?version=1695880594"
"Encoding of Media Value Chain Processes Through Blockchains and MPEG-21 Smart Contracts for Media","10.1109/MMUL.2023.3303393",""
"Towards Assessing FAIR Research Software Best Practices in an Organization Using RDF-star.","",""
"EA-Ontology: Ethical Assessment Ontology","",""
"Automatic thematic classification of documents based on vocabularies and use frequencies. The case of scientific dissemination articles","10.3989/redc.2023.3.1996","https://redc.revistas.csic.es/index.php/redc/article/download/1517/2292"
"Experiential Observations: An Ontology Pattern-Based Study on Capturing the Potential Content within Evidences of Experiences","10.1145/3586078",""
"Automatic Easy-to-Read Translation of Morphological Structures in Spanish Texts","10.26342/2023-71-15",""
"Mind the gap: The AURORAL ecosystem for the digital transformation of smart communities and rural areas","10.1016/j.techsoc.2023.102304",""
"“Who Should I Trust with My Data?” Ethical and Legal Challenges for Innovation in New Decentralized Data Management Technologies","10.3390/info14070351","https://www.mdpi.com/2078-2489/14/7/351/pdf?version=1687339409"
"FAIR Research Object Assessment: A landscape analysis.","10.4126/FRL01-006444989",""
"MuHeQA: Zero-shot Question Answering over Multiple and Heterogeneous Knowledge Bases","10.3233/sw-233379",""
"Multi-perspective Approach for Curating and Exploring the History of Climate Change in Latin America within Digital Newspapers","10.2298/CSIS220110008V",""
"Multi-Agent Systems on Virtual Games: A Systematic Mapping Study","10.1109/TG.2022.3214154",""
"A framework for the broad dissemination of hydrological models for non-expert users","10.1016/j.envsoft.2023.105695",""
"Porting the One Size Fits All Model for Terminology into a Linked Data Compatible Format","",""
"Ya2ro: A tool for creating Research Objects from minimum metadata","",""
"Satellite Earth Observation for Essential Climate Variables Supporting Sustainable Development Goals: A Review on Applications","10.3390/rs15112716","https://www.mdpi.com/2072-4292/15/11/2716/pdf?version=1684894645"
"TINTO: Converting Tidy Data into image for classification with 2-Dimensional Convolutional Neural Networks","10.1016/j.softx.2023.101391",""
"Gender imbalance in doctoral education: an analysis of the Spanish university system (1977–2021)","10.1007/s11192-023-04648-y","https://link.springer.com/content/pdf/10.1007/s11192-023-04648-y.pdf"
"Widaug. Data augmentation for named entity recognition using Wikidata","10.26342/2023-70-12",""
"Combining heterogeneous data sources for spatio-temporal mobility demand forecasting","10.1016/j.inffus.2022.09.028",""
"A novel deep learning approach using blurring image techniques for Bluetooth-based indoor localisation","10.1016/j.inffus.2022.10.011",""
"A scalable, secure, and semantically interoperable client for cloud-enabled Demand Response","10.1016/j.future.2022.11.004",""
"Modelling of the Internet Computer Protocol Architecture: The Next Generation Blockchain","10.1007/978-3-031-21229-1_1",""
"On the Decentralization of Health Systems for Data Availability: A DLT-based Architecture","10.1109/CCNC51644.2023.10059701",""
"Trusting Decentralised Knowledge Graphs and Web Data at the Web Conference","10.1145/3543873.3589756",""
"The First International Workshop on Knowledge Graphs for Sustainability - KG4S Foreword","10.1145/3543873.3589745",""
"Accountable Clouds through Blockchain","10.1109/ACCESS.2023.3276240",""
"Applying the LOT Methodology to a Public Bus Transport Ontology aligned with Transmodel: Challenges and Results","10.3233/SW-210451",""
"Editorial of transport data on the web","10.3233/SW-223278",""
"Boosting Knowledge Graph Generation from Tabular Data with RML Views","10.1007/978-3-031-33455-9_29",""
"Data Management Documentation in Citizen Science Projects: Bringing Formalisation and Transparency Together","10.5334/cstp.538","https://storage.googleapis.com/jnl-up-j-cstp-files/journals/1/articles/538/647dce1d15fad.pdf"
"Analysis of the Confidence in the Prediction of the Protein Folding by Artificial Intelligence","10.1007/978-3-031-38079-2_9",""
"Comparison of Knowledge Graph Representations for Consumer Scenarios","10.1007/978-3-031-47240-4_15","https://link.springer.com/content/pdf/10.1007/978-3-031-47240-4_15.pdf"
"The RML Ontology: A Community-Driven Modular Redesign After a Decade of Experience in Mapping Heterogeneous Data to RDF","10.1007/978-3-031-47243-5_9","https://link.springer.com/content/pdf/10.1007/978-3-031-47243-5_9.pdf"
"Enhancing drug repurposing on graphs by integrating drug molecular structure as feature","10.1109/CBMS58004.2023.00215",""
"Pody: A Solid-Based Approach to Embody Agents in Web-Based Multi-Agent-Systems","10.1007/978-3-031-48539-8_15",""
"Event Extraction and Semantic Representation from Spanish Workers Statute Using Large Language Models","10.3233/FAIA230983",""
"Lessons learned to enable question answering on knowledge graphs extracted from scientific publications: A case study on the coronavirus literature","10.1016/j.jbi.2023.104382",""
"Complex queries over decentralised systems for geodata retrieval","10.1049/ntw2.12037",""
"GEnI: A framework for the generation of explanations and insights of knowledge graph embedding predictions","10.1016/j.neucom.2022.12.010",""
"Dimensionality-reducing classifiers for Spanish winter maintenance of roadways","10.1109/CIoT57267.2023.10084897",""
"Depicting Vocabulary Summaries with Devos","10.1145/3543873.3587359",""
"Injecting data into ODRL privacy policies dynamically with RDF mappings","10.1145/3543873.3587358",""
"Practical challenges of ODRL and potential courses of action","10.1145/3543873.3587628",""
"Distributed training and inference of deep learning solar energy forecasting models","10.1109/PDP59025.2023.00035",""
"A combination of supervised dimensionality reduction and learning methods to forecast solar radiation","10.1007/s10489-022-04175-y","https://link.springer.com/content/pdf/10.1007/s10489-022-04175-y.pdf"
"FAIR-IMPACT project response to"" FAIR Assessment Tools: Towards an"" Apples to Apples"" Comparisons""","",""
"InDaMul: Incentivized Data Mules for Opportunistic Networking Through Smart Contracts and Decentralized Systems","10.1145/3587696",""
"Declarative generation of RDF-star graphs from heterogeneous data","10.3233/sw-243602",""
"Human-Friendly RDF Graph Construction: Which one do you chose?","10.1007/978-3-031-34444-2_19",""
"Morph-KGC: declarative generation of RDF-star graphs from heterogeneous data","",""
"A Decentralized Data Sharing Framework based on a Key-Redistribution method","",""
"Protecting digital identity in the Metaverse: the case of access to a cinema in Decentraland","",""
"Declarative RDF Construction from In-Memory Data Structures with RML","",""
"Preface for the 4th Edition of the International Knowledge Graph Construction Workshop","",""
"Comparison of Knowledge Graph Representations for Consumer Scenarios","10.1007/978-3-031-47240-4_15","https://link.springer.com/content/pdf/10.1007/978-3-031-47240-4_15.pdf"
"Towards a UML-based notation for OWL ontologies","",""
"AI4Labour: Reshaping Labour Force Participation with Artificial Intelligence","",""
"Towards Assessing FAIR Research Software Best Practices in an Organization Using RDF-star","",""
"TEC: Transparent Emissions Calculation Toolkit","10.1007/978-3-031-47243-5_5",""
"ELAINE: rELiAbility and evIdence-aware News vErifier","",""
"Proof of Location through a Blockchain Agnostic Smart Contract Language","10.1109/ICDCSW60045.2023.00016",""
"Re-Construction Impact on Metadata Representation Models","10.1145/3587259.3627554",""
"DLT-Based Personal Data Access Control with Key-Redistribution","10.1109/BCCA58897.2023.10338895",""
"Interoperability of Heterogeneous Systems of Systems: Review of Challenges, Emerging Requirements and Options","10.1145/3555776.3577692",""
"On the Use of Deep Neural Networks for Security Vulnerabilities Detection in Smart Contracts","10.1109/PerComWorkshops56833.2023.10150302",""
"Towards an Automatic Easy-to-Read Adaptation of Morphological Features in Spanish Texts","10.1007/978-3-031-42280-5_12",""
"ACM K-CAP 2023 Chairs' Welcome","",""
"Towards an Architecture for Data Altruism in Solid","",""
"Softalias-KG: Reconciling Software Mentions in Scientific Literature","",""
"Preface to the Proceedings of the 2023 International Semantic Web Conference Posters, Demos and Industry Tracks","",""
"Towards An Artificial Intelligence (AI)-based Framework to Automatically Adapt Short Stories in Spanish into Easier and Accessible Versions","",""
"Preface","10.1016/s0304-0208(06)80001-0",""
"Building a Knowledge Graph from Historical Newspapers: A Study Case in Ecuador","10.1007/978-3-031-32213-6_10",""
"Preface of the Joint Workshop Proceedings of the 5th Sem4Tra Workshop, and 2nd NLP4KGC Workshop co-located with SEMANTiCS 2023","",""
"XSD2SHACL: Capturing RDF Constraints from XML Schema","10.1145/3587259.3627565",""
"The 4th Wikidata Workshop - Wikidata Workshop 2023","",""
"LUBM4OBDA: Benchmarking OBDA Systems with Inference and Meta Knowledge","10.13052/jwe1540-9589.2284","https://journals.riverpublishers.com/index.php/JWE/article/download/18845/19479"
"Companion Proceedings of the 23rd International Conference on Knowledge Engineering and Knowledge Management","",""
"Phenotypes of non-alcoholic fatty liver disease (NAFLD) and all-cause mortality: unsupervised machine learning analysis of NHANES III","10.1136/bmjopen-2022-067203","https://bmjopen.bmj.com/content/bmjopen/12/11/e067203.full.pdf"
"OBOE: an Explainable Text Classification Framework","10.9781/ijimai.2022.11.001","https://doi.org/10.9781/ijimai.2022.11.001"
"Government plans in the 2016 and 2021 Peruvian presidential elections: A natural language processing analysis of the health chapters","10.12688/wellcomeopenres.16867.5",""
"Challenges for FAIR Digital Object Assessment","10.3897/rio.8.e95943","https://riojournal.com/article/95943/download/pdf/"
"A Systematic Review of Ontologies for the Water Domain","10.1002/9781394171460.ch2",""
"Extending Ontology Engineering Practices to Facilitate Application Development","10.1007/978-3-031-17105-5_2",""
"esT5s: A Spanish Model for Text Summarization","10.3233/ssw220020",""
"The implications of natural language processing for public performance management: a systematic literature review","",""
"Extraction and Semantic Representation of Domain-Specific Relations in Spanish Labour Law","10.26342/2022-69-9",""
"An Overview of Drugs, Diseases, Genes and Proteins in the CORD-19 Corpus [Una visión general de los Fármacos, Enfermedades, Genes y Proteínas en el corpus CORD-19]","10.26342/2022-69-14",""
"Multi-label Text Classification for Public Procurement in Spanish [Clasificación multi-etiqueta de textos de licitaciones públicas en español]","10.26342/2022-69-6",""
"WoTHive: Enabling Syntactic and Semantic Discovery in the Web of Things","",""
"Nine best practices for research software registries and repositories","10.7717/PEERJ-CS.1023",""
"Ontology Management in an Industrial Environment: The BASF Governance Operational Model for Ontologies (GOMO)","10.5281/zenodo.7007495",""
"Analysis of ontologies and policy languages to represent information flows in GDPR","10.3233/SW-223009",""
"A low-cost method for text summarization","",""
"Using the ODRL Profile for Access Control for Solid Pod Resource Governance","10.1007/978-3-031-11609-4_3",""
"Proceedings of the 3rd International Workshop on Semantic Digital Twins (SeDiT 2022)","",""
"FAIR Principles for Research Software (FAIR4RS Principles)","10.15497/RDA00068",""
"Lynx: A knowledge-based AI service platform for content processing, enrichment and analysis for the legal domain","10.1016/j.is.2021.101966",""
"Technologies and Applications for Big Data Value","10.1007/978-3-030-78307-5_1","https://link.springer.com/content/pdf/10.1007/978-3-030-78307-5_1.pdf"
"Using a Legal Knowledge Graph for Multilingual Compliance Services in Labor Law, Contract Management, and Geothermal Energy","10.1007/978-3-030-78307-5_12","https://link.springer.com/content/pdf/10.1007/978-3-030-78307-5_12.pdf"
"A framework for creating knowledge graphs of scientific software metadata","10.1162/qss_a_00167",""
"Towards Smart, Digitalised Rural Regions And Communities - Policies, Best Practices And Case Studies","",""
"Proceedings of the 9th Linked Data in Architecture and Construction Workshop (LDAC2021)","",""
"Description of Postdata Poetry Ontology V1.0","10.51305/icl.cz.9788076580336.02","https://www.plottingpoetry.org/books/tackling_toolkit/pdf/02_diezplatas.pdf"
"Development, validation, and application of a machine learning model to estimate salt consumption in 54 countries","10.7554/eLife.72930",""
"Author response: Development, validation, and application of a machine learning model to estimate salt consumption in 54 countries","10.7554/elife.72930.sa2",""
"Estimating  salt consumption  in  49  low-  and  middle-income  countries:  Development, validation and application of a machine learning model","10.7554/eLife.72930",""
"Context aware ontology-based hybrid intelligent framework for vehicle driver categorization","10.1002/ett.3729",""
"Rule extraction in unsupervised anomaly detection for model explainability: Application to OneClass SVM[Formula presented]","10.1016/j.eswa.2021.116100",""
"Annotating OGC web feature services automatically for generating geospatial knowledge graphs","10.1111/tgis.12863",""
"A graph-based representation of knowledge for managing land administration data from distributed agencies - A case study of Colombia","10.1080/10095020.2021.2015250",""
"TheyBuyForYou platform and knowledge graph: Expanding horizons in public procurement with open linked data","10.3233/SW-210442",""
"A study of the quality of Wikidata","10.1016/j.websem.2021.100679",""
"Data Quality Barriers for Transparency in Public Procurement","10.3390/info13020099","https://www.mdpi.com/2078-2489/13/2/99/pdf?version=1645523351"
"LOT: An industrial oriented ontology engineering framework","10.1016/j.engappai.2022.104755",""
"Intelligent Human-input-based Blockchain Oracle (IHiBO)","10.5220/0010945300003116",""
"PHDD: Corpus of Physical Health Data Disclosure on Twitter During COVID-19 Pandemic","10.1007/s42979-022-01097-x","https://link.springer.com/content/pdf/10.1007/s42979-022-01097-x.pdf"
"Multi-object tracking in traffic environments: A systematic literature review","10.1016/j.neucom.2022.04.087",""
"Towards CBDC-based machine-to-machine payments in consumer IoT","10.1145/3477314.3507078",""
"Handling qualitative preferences in SPARQL over virtual ontology-based data access","10.3233/SW-212895",""
"Extracting and Understanding Call-to-actions of Push-Notifications","10.1007/978-3-031-08473-7_14",""
"Inspect4py: A Knowledge Extraction Framework for Python Code Repositories","10.1145/3524842.3528497",""
"Incentivized Data Mules Based on State-Channels","10.1109/ICBC54727.2022.9805515",""
"Using the ODRL Profile for Access Control for Solid Pod Resource Governance","10.1007/978-3-031-11609-4_3",""
"Interpretable machine learning models for predicting and explaining vehicle fuel consumption anomalies","10.1016/j.engappai.2022.105222",""
"Data governance through a multi-DLT architecture in view of the GDPR","10.1007/s10586-022-03691-3","https://link.springer.com/content/pdf/10.1007/s10586-022-03691-3.pdf"
"Decentralized Personal Data Marketplaces: How Participation in a DAO Can Support the Production of Citizen-Generated Data","10.3390/s22166260","https://www.mdpi.com/1424-8220/22/16/6260/pdf?version=1661238706"
"Accepted Tutorials at The Web Conference 2022","10.1145/3487553.3547182",""
"The impact of NFT profile pictures within social network communities","10.1145/3524458.3547230",""
"DLT-based Data Mules for Smart Territories","10.1109/ICCCN54977.2022.9868916",""
"TermitUp: Generation and enrichment of linked terminologies","10.3233/SW-222885",""
"Decentralized Health Data Distribution: A DLT-based Architecture for Data Protection","10.1109/Blockchain55522.2022.00023",""
"Extending Ontology Engineering Practices to Facilitate Application Development","10.1007/978-3-031-17105-5_2",""
"EBOCA: Evidences for BiOmedical Concepts Association Ontology","10.1007/978-3-031-17105-5_11",""
"Simulation of the Internet Computer Protocol: the Next Generation Multi-Blockchain Architecture","10.1109/DS-RT55542.2022.9932122",""
"Blockchain-Based Data Management for Smart Transportation","10.1007/978-3-031-07535-3_20",""
"Systematic Construction of Knowledge Graphs for Research-Performing Organizations","10.3390/info13120562","https://www.mdpi.com/2078-2489/13/12/562/pdf?version=1669804108"
"Towards a Taxonomy of AI Risks in the Health Domain","10.1109/TransAI54797.2022.00007",""
"Fostering trust with transparency in the data economy era: An integrated ethical, legal, and knowledge engineering approach","10.1145/3565011.3569061",""
"Now, Later, Never: A Study of Urgency in Mobile Push-Notifications","10.1007/978-3-031-20436-4_4",""
"An extension of Thing Descriptions from the Web of Things for Digital Twins","10.12688/openreseurope.15280.1",""
"Automating the Response to GDPR's Right of Access","10.3233/FAIA220462",""
"WhenTheFact: Extracting Events from European Legal Decisions","10.3233/FAIA220470",""
"Smart Contracts Vulnerability Classification through Deep Learning","10.1145/3560905.3568175",""
"Packaging research artefacts with RO-Crate","10.3233/DS-210053",""
"Apports des methodologies et techniques de developpement logiciel pour l'ingenierie des ontologies: Retour d'experience des contributions au developpement de l'ontologie ETSI SAREF","",""
"Bringing Federated Semantic Queries to the GIS-Based Scenario","10.3390/ijgi11020086","https://www.mdpi.com/2220-9964/11/2/86/pdf?version=1643204664"
"Characterizing water quality datasets through multi-dimensional knowledge graphs: a case study of the Bogota river basin","10.2166/hydro.2022.070",""
"Characterization of urban risks in the press applying text mining for the enrichment of open data Luis M. Vilches-Blázquez and Diana Comesaña Ocampo [Caracterización de riesgos urbanos en prensa aplicando minería de texto para el enriquecimiento de datos abiertos]","10.22201/iibi.24488321xe.2022.91.58538","http://rev-ib.unam.mx/ib/index.php/ib/article/download/58538/52254"
"Ontology verification testing using lexico-syntactic patterns","10.1016/j.ins.2021.09.011",""
"Balancing coverage and specificity for semantic labelling of subject columns","10.1016/j.knosys.2021.108092",""
"DockerPedia: A Knowledge Graph of Software Images and Their Metadata","10.1142/S0218194022500036",""
"Multiagent System for the Prediction of Road Maintenance Actions","10.1007/978-3-030-87687-6_11",""
"Estimating Time Lost on Semaphores with Deep Learning","10.1007/978-3-030-87687-6_4",""
"Intelligent Agent for Roadway Data Analysis","10.1007/978-3-030-87687-6_10",""
"Chowlk: from UML-Based Ontology Conceptualizations to OWL","10.1007/978-3-031-06981-9_20",""
"Terminology and ontologies","10.1075/tlrp.23.07mon",""
"First Attempt to an Easy-to-Read Adaptation of Repetitions in Captions","10.1007/978-3-031-08648-9_48",""
"On The Modeling Of P2P Systems as Temporal Networks: A Case Study With Data Streaming","10.23919/ANNSIM55834.2022.9859513",""
"FAIROs: Towards FAIR Assessment in Research Objects","10.1007/978-3-031-16802-4_6",""
"Declarative Description of Knowledge Graphs Construction Automation: Status & Challenges","",""
"Devising Mapping Interoperability With Mapping Translation","",""
"Preface for the 3rd Edition of the International Knowledge Graph Construction Workshop","",""
"Devising Mapping Interoperability with Mapping Translation","",""
"Representing Multilingual Terminologies with OntoLex-Lemon","",""
"Street images classification according to COVID-19 risk in Lima, Peru: a convolutional neural networks feasibility analysis","10.1136/bmjopen-2022-063411","https://bmjopen.bmj.com/content/bmjopen/12/9/e063411.full.pdf"
"Proceedings of the 10th Linked Data in Architecture and Construction Workshop (LDAC 2022)","",""
"Semantifying the Governance of Data in Europe","",""
"Preface of the Joint Proceedings of the Poster & Demo Track and Workshop Track of SEMANTiCS 2022","",""
"Linked Archives 2022 International Workshop - Preface","",""
"PREFACE","10.1016/s0304-0208(06)80001-0",""
"TermTrends: Trends in Terminology Generation and Modelling","",""
"NextProcurement: Challenges in Public Procurement in Spain","",""
"Summaries of Knowledge Graph Entities: First Steps to Measure the Relevance of Symptoms to Infer Diseases","",""
"Linghub2: Language Resource Discovery Tool for Language Technologies","",""
"A Digital Twin Platform Generating Knowledge Graphs for Construction Projects","",""
"ON THE MODELING OF P2P SYSTEMS AS TEMPORAL NETWORKS: A CASE STUDY WITH DATA STREAMING","10.23919/annsim55834.2022.9859513",""
"Preface - SMART 2022","10.1063/12.0017296",""
"A Spanish Political Tweets Fine-Tuned Sentiment Analysis Model","10.1007/978-3-031-14859-0_8",""
"Enhancing Trust in Trust Services: Towards an Intelligent Human-input-based Blockchain Oracle (IHiBO)","10.24251/hicss.2022.712",""
"A hierarchical multi-agent architecture based on virtual identities to explain black-box personalization policies","10.1016/j.eswa.2021.115731",""
"A case-based reasoning model powered by deep learning for radiology report recommendation","10.9781/ijimai.2021.08.011","https://doi.org/10.9781/ijimai.2021.08.011"
"Semantic conflation in GIScience: a systematic review","10.1080/15230406.2021.1952109",""
"Proceedings of the Doctoral Consortium at ISWC 2021","",""
"An analysis of pollution Citizen Science projects from the perspective of Data Science and Open Science","10.1108/DTA-10-2020-0253",""
"Analysing Ontological Requirements: A Journey from Requirements to Code and Back","",""
"Impact of Text Length for Information Retrieval Tasks based on Probabilistic Topics","10.26342/2021-67-2","http://rua.ua.es/dspace/bitstream/10045/117485/1/PLN_67_02.pdf"
"SPARQL2Flink: Evaluation of SPARQL Queries on Apache Flink","10.3390/app11157033","https://www.mdpi.com/2076-3417/11/15/7033/pdf?version=1628044316"
"A Dialogical Approach to Readiness for Change towards Sustainability in Higher Education Institutions: The Case of the SDGs Seminars at the Universidad Politecnica de Madrid","10.3390/su13169168","https://www.mdpi.com/2071-1050/13/16/9168/pdf?version=1629191461"
"CHALLENGE-BASED LEARNING IN EXPLAINABLE ARTIFICIAL INTELLIGENCE EDUCATION","10.21125/edulearn.2021.0165",""
"An ontology-based deep learning approach for triple classification with out-of-knowledge-base entities","10.1016/j.ins.2021.02.018",""
"Crossing the chasm between ontology engineering and application development: A survey","10.1016/j.websem.2021.100655",""
"Artificial Intelligence for Modeling Complex Systems: Taming the Complexity of Expert Models to Improve Decision Making","10.1145/3453172",""
"Proceedings of the 2nd International Workshop on Semantic Digital Twins (SeDiT 2021)","",""
"First Attempt to help People with Cognitive Disabilities to understand Micropoems","",""
"An estimation of heavy-duty vehicle fleet CO2 emissions based on sampled data","10.1016/j.trd.2021.102784",""
"Towards metrics-driven ontology engineering","10.1007/s10115-021-01545-9",""
"On learning context-aware rules to link RDF datasets","10.1093/jigpal/jzaa043",""
"An information sharing strategy based on linked data for net zero energy buildings and clusters","10.1016/j.autcon.2021.103592",""
"Personal Data Access Control Through Distributed Authorization","10.1109/nca51143.2020.9306721",""
"Typology-based semantic labeling of numeric tabular data","10.3233/SW-200397",""
"A Flexible and Robust Deep Learning-Based System for Solar Irradiance Forecasting","10.1109/ACCESS.2021.3051839",""
"Understanding the phenomenology of reading through modelling","10.3233/SW-200396",""
"A High-Level Ontology Network for ICT Infrastructures","10.1007/978-3-030-88361-4_26",""
"MOVO: a dApp for DLT-based Smart Mobility","10.1109/ICCCN52240.2021.9522257",""
"Towards Decentralized Complex Queries over Distributed Ledgers: a Data Marketplace Use-case","10.1109/ICCCN52240.2021.9522165",""
"Toward the Ontological Modeling of Smart Contracts: A Solidity Use Case","10.1109/ACCESS.2021.3115577",""
"Enhancing virtual ontology based access over tabular data with Morph-CSV","10.3233/SW-210432",""
"ODRL Profile for Expressing Consent through Granular Access Control Policies in Solid","10.1109/EuroSPW54576.2021.00038",""
"The Use of Decentralized and Semantic Web Technologies for Personal Data Protection and Interoperability","10.1007/978-3-030-89811-3_23",""
"A Community Roadmap for Scientific Workflows Research and Development","10.1109/WORKS54523.2021.00016",""
"Simulation of Hybrid Edge Computing Architectures","10.1109/DS-RT52167.2021.9576121",""
"Advances in pattern-based ontology engineering","10.3233/SSW51",""
"Governing decentralized complex queries through a DAO","10.1145/3462203.3475910",""
"Simulation of Dissemination Strategies on Temporal Networks","10.23919/ANNSIM52504.2021.9552126",""
"Further with Knowledge Graphs - Proceedings of the 17th International Conference on Semantic Systems","978-1-64368-201-3",""
"A scoping review on the use, processing and fusion of geographic data in virtual assistants","10.1111/tgis.12720",""
"An analysis of existing production frameworks for statistical and geographic information: Synergies, gaps and integration","10.3390/ijgi10060374","https://www.mdpi.com/2220-9964/10/6/374/pdf?version=1622623685"
"LACLICHEV: Exploring the History of Climate Change in Latin America Within Newspapers Digital Collections","10.1007/978-3-030-85082-1_11",""
"Conformance testing of ontologies through ontology requirements","10.1016/j.engappai.2020.104026",""
"Towards the use of ontologies in remotely piloted aircraft system conceptual design: Opportunities and challenges","10.2514/6.2021-1061",""
"Preface for the 2nd edition of the international knowledge graph construction workshop","",""
"Knowledge graph construction with R2RML and RML: An ETL system-based overview","","http://ceur-ws.org/Vol-2873/paper11.pdf"
"Latest enhancements in the Spanish DBpedia","","http://ceur-ws.org/Vol-2941/paper8.pdf"
"Converting UML-Based Ontology Conceptualizations to OWL with Chowlk","10.1007/978-3-030-80418-3_8",""
"R4R: Template-based REST API Framework for RDF Knowledge Graphs","","http://ceur-ws.org/Vol-2980/paper339.pdf"
"TimeLex: A Suite of Tools for Processing Temporal Information in Legal Texts","10.1007/978-3-030-89811-3_18",""
"Introduction: A Hybrid Regulatory Framework and Technical Architecture for a Human-Centered and Explainable AI","10.1007/978-3-030-89811-3_1",""
"FOOPS!: An ontology pitfall scanner for the FAIR principles","","http://ceur-ws.org/Vol-2980/paper321.pdf"
"Creating and querying personalized versions of wikidata on a laptop","10.48550/arxiv.2108.07119",""
"Supporting Demand-Response strategies with the DELTA ontology","10.1109/AICCSA53542.2021.9686935",""
"Bilingual Dataset for Information Retrieval and Question Answering over the Spanish Workers Statute","10.5281/zenodo.4256718",""
"Challenges in the Digital Representation of Privacy Terms","10.1007/978-3-030-89811-3_22",""
"Integration of building material databases for IFC-based building performance analysis","10.22260/isarc2021/0027",""
"VOCEDITOR - An Integrated Environment to Visually Edit, Validate and Versioning RDF Vocabularies","10.1109/ICSC50631.2021.9475916",""
"ETSI SmartM2M Technical Report 103717; Study for oneM2M; Discovery and Query specification development","","https://inria.hal.science/hal-03261080/document"
"ETSI SmartM2M Technical Report 103715; Study for oneM2M; Discovery and Query solutions analysis & selection","",""
"Link maintenance for integrity in linked open data evolution: Literature survey and open challenges","10.3233/SW-200398",""
"Knowledge Engineering of PhD Stories: A Preliminary Study","10.1145/3460210.3493579",""
"Challenges in the Implementation of Privacy Enhancing Semantic Technologies (PESTs) Supporting GDPR","10.1007/978-3-030-89811-3_20",""
"Web of things (wot) discovery","10.1109/ccnc.2019.8651786",""
"Thesaurus enhanced extraction of Hohfeld's relations from Spanish Labour Law","","http://ceur-ws.org/Vol-2918/paper4.pdf"
"VOC EDITOR - An integrated environment to visually edit, validate and versioning RDF vocabularies","10.1109/ICSC50631.2021.00089",""
"A visual SHACL shapes editor based on ontopad","","http://ceur-ws.org/Vol-2941/paper16.pdf"
"3rd edition of the international workshop on semantics and the web for transport (Sem4Tra)","",""
"RML-star: A Declarative Mapping Language for RDF-star Generation","","http://ceur-ws.org/Vol-2980/paper374.pdf"
"AI Approaches to the Complexity of Legal Systems XI-XII","978-3-030-89810-6",""
"GTFS-Madrid-Bench: A benchmark for virtual knowledge graph access in the transport domain","10.1016/j.websem.2020.100596",""
"ENIGMA and global neuroscience: A decade of large-scale studies of the brain in health and disease across more than 40 countries","10.1038/s41398-020-0705-1","https://www.nature.com/articles/s41398-020-0705-1.pdf"
"Genetic correlations and genome-wide associations of cortical structure in general population samples of 22,824 adults","10.1038/s41467-020-18367-y","https://www.nature.com/articles/s41467-020-18367-y.pdf"
"Best Practices for Implementing FAIR Vocabularies and Ontologies on the Web","10.3233/ssw200034",""
"Personal Data Access Control through Distributed Authorization","10.1109/NCA51143.2020.9306721",""
"Using LOT methodology to develop a noise pollution ontology: a Spanish use case","10.1007/s12652-019-01561-2",""
"A multi-agent architecture for mobile sensing systems","10.1007/s12652-019-01608-4",""
"Enhancing Public Procurement in the European Union Through Constructing and Exploiting an Integrated Knowledge Graph","10.1007/978-3-030-62466-8_27",""
"COMPARTIR Y GENERAR DATOS Y CONOCIMIENTO AGROECOLÓGICO CON PAUSA","",""
"MOATcoin: Exploring challenges and legal implications of smart contracts through a gamelike DApp experiment","10.1145/3410699.3413798",""
"Are distributed ledger technologies ready for intelligent transportation systems?","10.1145/3410699.3413789",""
"Discovering hidden mental states in open multi-agent systems by leveraging multi-protocol regularities with machine learning","10.3390/s20185198","https://www.mdpi.com/1424-8220/20/18/5198/pdf?version=1599893740"
"Potentially inappropriate medications in older adults living with HIV","10.1111/hiv.12883",""
"Mission possible: Unify HPC and Big Data stacks towards application-defined blobs at the storage layer","10.1016/j.future.2018.07.035",""
"Grammatically uniform population initialization for grammar-guided genetic programming","10.1007/s00500-020-05061-w",""
"Polypharmacy and Drug-Drug Interactions in People Living With Human Immunodeficiency Virus in the Region of Madrid, Spain: A Population-Based Study","10.1093/cid/ciz811",""
"Proceedings of the 32nd International Conference on Software Engineering and Knowledge Engineering (SEKE 2020)","10.18293/SEKE2020",""
"An Intelligent System to Generate Chord Progressions from Colors with an Artificial Immune System","10.1007/s00354-020-00100-4",""
"Accessibility and personalization in opencourseware: An inclusive development approach","10.1109/ICALT49669.2020.00091",""
"Developing accessibility multimedia services: The case of EasyTV","10.1145/3389189.3397973",""
"Enterprise Information Integration: On Discovering Links Using Genetic Programming","978-84-1324-774-8",""
"Proceedings of the 1st International Workshop on Semantic Digital Twins (SeDiT 2020)","",""
"Exploiting Declarative Mapping Rules for Generating GraphQL Servers with Morph-GraphQL","10.1142/S0218194020400070",""
"Spanish corpora for sentiment analysis: a survey","10.1007/s10579-019-09470-8",""
"Defying wikidata: Validation of terminological relations in the web of data","10.13025/rev8-z474",""
"Orchestrating NLP Services for the Legal Domain","",""
"Towards an Interoperable Ecosystem of AI and LT Platforms: A Roadmap for the Implementation of Different Levels of Interoperability","",""
"Order matters: terminological saturation is best achievable using descending citation frequency datasets","",""
"The genetic architecture of the human cerebral cortex","10.1126/science.aay6690","http://www.bristol.ac.uk/alspac/external/documents/grant-acknowledgements.pdf"
"The Challenge: From MPEG Intellectual Property Rights Ontologies to Smart Contracts and Blockchains [Standards in a Nutshell]","10.1109/MSP.2019.2955207",""
"The zaragoza's knowledge graph: Open data to harness the city knowledge","10.3390/info11030129","https://www.mdpi.com/2078-2489/11/3/129/pdf"
"Development Experience of a Context-Aware System for Smart Irrigation Using CASO and IRRIG Ontologies","10.3390/app10051803","https://www.mdpi.com/2076-3417/10/5/1803/pdf?version=1583938924"
"EWOT: A semantic interoperability approach for heterogeneous IoT ecosystems based on the web of things","10.3390/s20030822","https://www.mdpi.com/1424-8220/20/3/822/pdf?version=1580812003"
"An ontology-based deep learning approach for knowledge graph completion with fresh entities","10.1007/978-3-030-23887-2_15",""
"A Framework Based on Distributed Ledger Technologies for Data Management and Services in Intelligent Transportation Systems","10.1109/ACCESS.2020.2998012",""
"Astrea: Automatic Generation of SHACL Shapes from Ontologies","10.1007/978-3-030-49461-2_29","https://link.springer.com/content/pdf/10.1007/978-3-030-49461-2_29.pdf"
"Large-scale semantic exploration of scientific literature using topic-based hashing algorithms","10.3233/SW-200373",""
"Improving the Results of Citizen Science Projects Through Reputation Systems: The Case of Wolf's Number Experiment","10.1109/ACCESS.2020.3030006",""
"FunMap: Efficient Execution of Functional Mappings for Knowledge Graph Creation","10.1007/978-3-030-62419-4_16",""
"OpenADR Ontology: Semantic Enrichment of Demand Response Strategies in Smart Grids","10.1109/SEST48500.2020.9203093",""
"Semantic Interoperability for DR Schemes Employing the SGAM Framework","10.1109/SEST48500.2020.9203338",""
"On the Efficiency of Decentralized File Storage for Personal Information Management Systems","10.1109/ISCC50000.2020.9219623",""
"Events Matter: Extraction of Events from Court Decisions","10.3233/FAIA200847",""
"Editorial: Special issue on Semantic eScience: Methods, tools and applications","10.3233/SW-200380",""
"KGTK: A Toolkit for Large Knowledge Graph Manipulation and Analysis","10.1007/978-3-030-62466-8_18",""
"OBA: An Ontology-Based Framework for Creating REST APIs for Knowledge Graphs","10.1007/978-3-030-62466-8_4",""
"Fair computational workflows","10.1162/dint_a_00033",""
"LYNX: Towards a Legal Knowledge Graph for Multilingual Europe","10.26826/law-in-context.v37i1.129","https://journals.latrobe.edu.au/index.php/law-in-context/article/download/129/200"
"A Distributed Ledger Based Infrastructure for Smart Transportation System and Social Good","10.1109/CCNC46108.2020.9045640",""
"Developing an ontology network about meteorological events from historical newspapers [Construcción de una red de ontologías sobre eventos meteorológicos a partir de periódicos históricos]","10.1590/1678-9865202032e180077","http://www.scielo.br/pdf/tinf/v32/2318-0889-tinf-32-e180077.pdf"
"A review of mobile sensing systems, applications, and opportunities","10.1007/s10115-019-01346-1",""
"A moderate experiential learning approach applied on data science","10.1007/978-3-030-23990-9_2",""
"Graph-based root cause analysis for service-oriented and microservice architectures","10.1016/j.jss.2019.110432",""
"Towards a new generation of ontology based data access","10.3233/SW-190384",""
"Optimized Term Extraction Method Based on Computing Merged Partial C-Values","10.1007/978-3-030-39459-2_2",""
"Prediction and failure analysis of composite resin restorations in the posterior sector applied in teaching dental students","10.1007/s12652-020-01804-7",""
"Annotador: a temporal tagger for Spanish","10.3233/JIFS-179865",""
"An Agent-Based Model for Exploring Pension Law and Social Security Policies","10.1007/978-3-030-58790-1_4",""
"Towards the assessment of easy-to-read guidelines using artificial intelligence techniques","10.1007/978-3-030-58796-3_10",""
"SAREF4INMA: A SAREF extension for the industry and manufacturing domain","10.3233/SW-200402",""
"TermInteract: An Online Tool for Terminologists Aimed at Providing Terminology Quality Metrics","10.1109/CIST49399.2021.9357197",""
"Morph-Skyline: Virtual Ontology-Based Data Access for Skyline Queries","10.1109/WIIAT50758.2020.00043",""
"Coming to Terms with FAIR Ontologies","10.1007/978-3-030-61244-3_18",""
"Mapping the Web Ontology Language to the OpenAPI Specification","10.1007/978-3-030-65847-2_11",""
"Ontologies Supporting Research-Related Information Foraging Using Knowledge Graphs: Literature Survey and Holistic Model Mapping","10.1007/978-3-030-61244-3_6",""
"Ensuring personal data anonymity in data marketplaces through sensing-as-a-service and distributed ledger technologies","",""
"Location privacy and inference in online social networks","",""
"Foreword","10.1038/ki.2009.188",""
"Benchmarking the efficiency of RDF-based access for blockchain environments","10.18293/SEKE2020-104",""
"From obXML to the OP ontology: Developing a semantic model for occupancy profile","",""
"Recent developments for the linguistic linked open data infrastructure","",""
"Drugs4Covid: Drug-driven Knowledge Exploitation based on Scientific Publications","10.48550/arxiv.2012.01953",""
"Preface to the Proceedings of the EKAW 2020 Posters and Demonstrations Session co-located with 22nd International Conference on Knowledge Engineering and Knowledge Management (EKAW 2020)","",""
"A template-based approach for annotating long-tail datasets","","http://ceur-ws.org/Vol-2722/profiles2020-paper-3.pdf"
"Best practices for implementing fair vocabularies and ontologies on the web","10.3233/ssw200034",""
"Polypharmacy and Drug–Drug Interactions in People Living With Human Immunodeficiency Virus in the Region of Madrid, Spain: A Population-Based Study","",""
"Ontologías para describir datos enlazados","",""
"Proceedings of the 10th Workshop on Ontology Design and Patterns (WOP 2019)","",""
"Proceedings of the 8th Linked Data in Architecture and Construction Workshop (LDAC2020","",""
"Ontologías y vocabularios para la normalización de datos abiertos","",""
"SIMULATION OF DISSEMINATION STRATEGIES ON TEMPORAL NETWORKS","10.23919/annsim52504.2021.9552126",""
"Mapeathor: Simplifying the specification of declarative rules for knowledge graph construction","","http://ceur-ws.org/Vol-2721/paper488.pdf"
"Unveiling the diversity of spatial data infrastructures in Latin America: evidence from an exploratory inquiry","10.1080/15230406.2020.1772113",""
"A Proposal for Semantic Integration of Crime Data in Mexico City","10.1007/978-3-030-59872-3_3",""
"Morph-CSV: Virtual knowledge graph access for tabular data","","http://ceur-ws.org/Vol-2721/paper478.pdf"
"Standards for the IoT","10.1007/978-3-030-45316-9_6",""
"Ontologies for IoT Semantic Interoperability","10.1007/978-3-030-45316-9_5",""
"Evaluating the impact of semantic technologies on bibliographic systems: A user-centred and comparative approach","10.1016/j.websem.2019.03.001",""
"Ontology based E-learning framework: A personalized, adaptive and context aware model","10.1007/s11042-019-08125-8",""
"SoMEF: A Framework for Capturing Scientific Software Metadata from its Documentation","10.1109/BigData47090.2019.9006447",""
"Deep neural network architectures for social services diagnosis in smart cities","10.1016/j.future.2019.05.034",""
"Survey of agent-based cloud computing applications","10.1016/j.future.2019.04.037",""
"Potentially inappropriate medications in older adults with HIV in the region of Madrid, Spain","",""
"Scalable Cross-lingual Document Similarity through Language-specific Concept Hierarchies","10.1145/3360901.3364444",""
"PaCTS 1.0: A Crowdsourced Reporting Standard for Paleoclimate Data","10.1029/2019PA003632",""
"Semantic Modelling of Plans and Execution Traces for Enhancing Transparency of IoT Systems","10.1109/IOTSMS48152.2019.8939260",""
"T2WML table to wikidata mapping language","10.1145/3360901.3364448",""
"Participation of women in doctorate, research, innovation, and management activities at Universidad Politécnica de Madrid: analysis of the decade 2006–2016","10.1007/s11192-019-03179-9",""
"OKG-soft: An open knowledge graph with machine readable scientific software metadata","10.1109/eScience.2019.00046",""
"Ontological Model for the Semantic Description of Syllabuses","10.1145/3357419.3357442",""
"Why are ontologies not reused across the same domain?","10.1016/j.websem.2018.12.010",""
"Ontology evolution for personalised and adaptive activity recognition","10.1049/iet-wss.2018.5209",""
"Automating ontology engineering support activities with OnToology","10.1016/j.websem.2018.09.003",""
"Closing the awareness gap between it practice and it law","10.3233/FAIA190006",""
"Language resources as linked data for the legal domain","10.3233/FAIA190019",""
"Closing the Awareness Gap Between IT Practice and IT Law - Critical Legal Positivism Applied in the Domain of IT Law","",""
"Language Resources as Linked Data for the Legal Domain","",""
"Spanish Corpora for Sentiment Analysis: a Survey","10.1007/s10579-019-09470-8",""
"Taxi dispatching strategies with compensations","10.1016/j.eswa.2019.01.001",""
"Retraction notice to “Applying case-based reasoning in social computing to transform colors into music” (Engineering Applications of Artificial Intelligence (2018) 72 (1–9), (S0952197618300563), (10.1016/j.engappai.2018.03.007))","10.1016/j.engappai.2019.03.007",""
"VICINITY: IoT Semantic Interoperability Based on the Web of Things","10.1109/DCOSS.2019.00061",""
"Prediction and Decision-Making in Intelligent Environments Supported by Knowledge Graphs, A Systematic Review","10.3390/s19081774","https://www.mdpi.com/1424-8220/19/8/1774/pdf?version=1555141210"
"Calculating Heavy-Duty truck energy and fuel consumption using correlation formulas derived from vecto simulations","10.4271/2019-01-1278",""
"A generalized component efficiency and Input-Data generation model for creating Fleet-Representative vehicle simulation cases in vecto","10.4271/2019-01-1280",""
"An intelligent interface for integrating climate, hydrology, agriculture, and socioeconomic models","10.1145/3308557.3308711",""
"A sustainable process and toolbox for geographical linked data generation and publication: a case study with BTN100","10.1186/s40965-019-0060-4","https://opengeospatialdata.springeropen.com/track/pdf/10.1186/s40965-019-0060-4"
"Toward proactive social inclusion powered by machine learning","10.1007/s10115-018-1230-x",""
"Enhancing energy management at district and building levels via an EM-KPI ontology","10.1016/j.autcon.2018.12.010",""
"A framework for connecting two interoperability universes: OGC Web Feature Services and Linked Data","10.1111/tgis.12496",""
"ETSI TS 103 410-3. SmartM2M; Smart Appliances extension to SA","",""
"ETSI TS 103 410-4. SmartM2M; Smart Appliances extension to SA","",""
"ETSI TS 103 410-5. SmartM2M; Smart Appliances extension to SA","",""
"Best practices for publishing, retrieving, and using spatial data on the web","10.3233/SW-180305",""
"Completeness and consistency analysis for evolving knowledge bases","10.1016/j.websem.2018.11.004",""
"The modular SSN ontology: A joint W3C and OGC standard specifying the semantics of sensors, observations, sampling, and actuation","10.3233/SW-180320",""
"Ontological Representation of Smart City Data: From Devices to Cities","10.3390/app9010032","https://www.mdpi.com/2076-3417/9/1/32/pdf?version=1545833153"
"CORAL: A corpus of ontological requirements annotated with lexico-syntactic patterns","10.1007/978-3-030-21348-0_29",""
"Supervising attention in an e-learning system","10.1007/978-3-030-01746-0_46",""
"Towards a Knowledge Graph Based Platform for Public Procurement","10.1007/978-3-030-14401-2_29",""
"Conformance Test Cases for the RDF Mapping Language (RML)","10.1007/978-3-030-21395-4_12",""
"Themis: A tool for validating ontologies through requirements","10.18293/SEKE2019-117","https://doi.org/10.18293/seke2019-117"
"Morph-GraphQL: GraphQL servers generation from R2RML mappings (SESE)","10.18293/SEKE2019-055","https://doi.org/10.18293/seke2019-055"
"Introduction to the Special Issue Artificial Intelligence Knowledge Representation","10.3390/systems7030035","https://www.mdpi.com/2079-8954/7/3/35/pdf?version=1563965423"
"Towards a Linked Democracy Model","10.1007/978-3-030-13363-4_4","https://link.springer.com/content/pdf/10.1007%2F978-3-030-13363-4_4.pdf"
"Deliberative and Epistemic Approaches to Democracy","10.1007/978-3-030-13363-4_2","https://link.springer.com/content/pdf/10.1007%2F978-3-030-13363-4_2.pdf"
"Linked Democracy Foundations, Tools, and Applications Introduction to Linked Data","10.1007/978-3-030-13363-4_1","https://link.springer.com/content/pdf/10.1007%2F978-3-030-13363-4_1.pdf"
"Legal Linked Data Ecosystems and the Rule of Law","10.1007/978-3-030-13363-4_5","https://link.springer.com/content/pdf/10.1007%2F978-3-030-13363-4_5.pdf"
"Multilayered Linked Democracy","10.1007/978-3-030-13363-4_3","https://link.springer.com/content/pdf/10.1007%2F978-3-030-13363-4_3.pdf"
"Linked Democracy Foundations, Tools, and Applications Conclusion","10.1007/978-3-030-13363-4_6","https://link.springer.com/content/pdf/10.1007%2F978-3-030-13363-4_6.pdf"
"An Abstract Framework for Non-Cooperative Multi-Agent Planning","10.3390/app9235180","https://www.mdpi.com/2076-3417/9/23/5180/pdf?version=1575008421"
"Towards an Ontology for Public Procurement Based on the Open Contracting Data Standard","10.1007/978-3-030-29374-1_19",""
"SAD Generator: Eating Our Own Dog Food to Generate KGs and Websites for Academic Events","10.1007/978-3-030-32327-1_19",""
"Towards Blockchain and Semantic Web","10.1007/978-3-030-36691-9_19",""
"Towards human-guided machine learning","10.1145/3301275.3302324",""
"A quality assessment approach for evolving knowledge bases","10.3233/SW-180324",""
"Ontology-driven semantic unified modelling for concurrent activity recognition (OSCAR)","10.1007/s11042-018-6318-5",""
"Extension of the BIdo ontology to represent scientific production","10.1145/3318396.3318422",""
"Automatic music generation by deep learning","10.1007/978-3-319-94649-8_34",""
"Social services diagnosis by deep learning","10.1007/978-3-319-94649-8_38",""
"Similar Terms Grouping Yields Faster Terminological Saturation","10.1007/978-3-030-13929-2_3",""
"Using the SPAR ontology network to represent the scientific production of a university: A case study","10.1007/978-3-030-16187-3_20",""
"An intelligent and autoadaptive system of virtual identities based on deep learning for the analysis of online advertising networks","10.1007/978-3-030-24299-2_26",""
"Linked Democracy Foundations, Tools, and Applications Preface","10.1007/978-3-030-13363-4",""
"TempCourt: evaluation of temporal taggers on a new corpus of court decisions","10.1017/S0269888919000195",""
"ContractFrames: Bridging the Gap Between Natural Language and Logics in Contract Law","10.1007/978-3-030-31605-1_9",""
"What are the parameters that affect the construction of a knowledge graph?","10.1007/978-3-030-33246-4_43",""
"How to Validate Ontologies with Themis","10.1007/978-3-030-32327-1_11",""
"PSM-Flow: Probabilistic Subgraph Mining for Discovering Reusable Fragments in Workflows","10.1109/WI.2018.00-93",""
"Towards Automated Hypothesis Testing in Neuroscience","10.1007/978-3-030-33752-0_18",""
"Automatic enrichment of terminological resources: The IATE RDF example","",""
"Optimizing automated term extraction for terminological saturation measurement","","http://ceur-ws.org/Vol-2387/20190001.pdf"
"Onett: Systematic knowledge graph generation for national access points","","http://ceur-ws.org/Vol-2447/paper8.pdf"
"The semantic sensor network ontology, revamped","",""
"Videogames: a lexical approach","",""
"GraphQL servers generation from R2RML mappings with morph-GraphQL (DEMO)","",""
"An overview of the TBFY knowledge graph for public procurement","","http://ceur-ws.org/Vol-2456/paper14.pdf"
"Towards the definition of a language-independent mapping template for knowledge graph creation","","http://ceur-ws.org/Vol-2526/short3.pdf"
"Preface for the knowledge graph building and large scale RDF analytics workshops","",""
"ISWC 2019 posters & demonstrations, industry, and outrageous ideas tracks","",""
"Building up communication skills: professional and academic training for engineers","9788417969059",""
"Semantic workflows for benchmark challenges: Enhancing comparability, reusability and reproducibility","",""
"T2WML: A cell-based language to map tables into wikidata records","","http://ceur-ws.org/Vol-2456/paper12.pdf"
"Semantic workflows and machine learning for the assessment of carbon storage by urban trees","10.48550/arxiv.2009.10263",""
"WDPlus: Leveraging wikidata to link and extend tabular data","","http://ceur-ws.org/Vol-2526/short4.pdf"
"Linking abstract plans of scientific experiments to their corresponding execution traces","",""
"Ontological representation of smart city data: From devices to cities","10.3390/app9010032","https://www.mdpi.com/2076-3417/9/1/32/pdf?version=1545833153"
"CORAL: a corpus of ontological requirements annotated with lexico-syntactic patterns","10.1007/978-3-030-21348-0_29",""
"VICINITY: IoT semantic interoperability based on the web of things","10.1109/dcoss.2019.00061",""
"Linked Open Terms (LOT) Methodology","",""
"Extension of the BiDO ontology to represent scientific production","10.1145/3318396.3318422",""
"Large-Scale Semantic Exploration of Scientific Literature using Topic-based Hashing Algorithms","10.3233/sw-200373",""
"Legal document retrieval across languages: topic hierarchies based on synsets","","https://arxiv.org/pdf/1911.12637.pdf"
"Towards blockchain and semantic web","10.1007/978-3-030-36691-9_19",""
"Ontologías, Datos Enlazados (Linked Data) y","",""
"Semantic technologies and interoperability in the built environment","10.3233/sw-180321",""
"Proceedings of the 7th Linked Data in Architecture and Construction Workshop (LDAC2019)","",""
"Enhancing the maintainability of the Bio2RDF project using declarative mappings","","http://ceur-ws.org/Vol-2849/paper-01.pdf"
"Semantic software metadata for workflow exploration and evolution","10.1109/eScience.2018.00132",""
"Models to represent linguistic linked data","10.1017/S1351324918000347",""
"Modelling a smart environment for nonintrusive analysis of attention in the workplace","10.1111/exsy.12275",""
"Polypharmacy and drug-drug interactions in HIV-infected subjects in the region of Madrid (Spain): a population-based study","",""
"A Secured and Trusted Demand Response system based on Blockchain technologies","10.1109/INISTA.2018.8466303",""
"Using machine learning to optimize parallelism in big data applications","10.1016/j.future.2017.07.003",""
"Keeping up with storage: Decentralized, write-enabled dynamic geo-replication","10.1016/j.future.2017.06.009",""
"MAS: A Corpus of Tweets for Marketing in Spanish","10.1007/978-3-319-98192-5_53",""
"KerA: Scalable data ingestion for stream processing","10.1109/ICDCS.2018.00152",""
"SLoG: Large-scale logging middleware for HPC and big data convergence","10.1109/ICDCS.2018.00156",""
"TýrFS: Increasing small files access performance with dynamic metadata replication","10.1109/CCGRID.2018.00072",""
"Applying case-based reasoning in social computing to transform colors into music","10.1016/j.engappai.2018.03.007",""
"Smart Waste Collection System with Low Consumption LoRaWAN Nodes and Route Optimization","10.3390/s18051465","https://www.mdpi.com/1424-8220/18/5/1465/pdf"
"Design And Implementation Of A Low-Cost Universal Control For Intelligent Electric Wheelchairs","10.1109/TLA.2018.8408424",""
"Predicting incorrect mappings: A data-driven approach applied to DBpedia","10.1145/3167132.3167164",""
"RDF shape induction using knowledge base profiling","10.1145/3167132.3167341",""
"Relationship recommender system in a business and employment-oriented social network","10.1016/j.ins.2017.12.050",""
"Linked Democracy.Linked Democracy","9783030133634",""
"Drivers, standards and platforms for the IoT: Towards a digital VICINITY","10.1109/IntelliSys.2017.8324287",""
"A Context-Aware Indoor Air Quality System for Sudden Infant Death Syndrome Prevention","10.3390/s18030757","https://www.mdpi.com/1424-8220/18/3/757/pdf?version=1519986905"
"Agent-based tool to reduce the maintenance cost of energy distribution networks","10.1007/s10115-017-1120-7",""
"Students' Evaluation of a Virtual World for Procedural Training in a Tertiary-Education Course","10.1177/0735633117706047",""
"Association between CFH, CFB, ARMS2, SERPINF1, VEGFR1 and VEGF polymorphisms and anatomical and functional response to ranibizumab treatment in neovascular age-related macular degeneration","10.1111/aos.13519",""
"Cross-Evaluation of Automated Term Extraction Tools by Measuring Terminological Saturation","10.1007/978-3-319-76168-8_7",""
"The Influence of the Order of Adding Documents to Datasets on Terminological Saturation","",""
"Increasing the Intensity over Time of an Electric-Assist Bike Based on the User and Route: The Bike Becomes the Gym","10.3390/s18010220","https://www.mdpi.com/1424-8220/18/1/220/pdf?version=1515922049"
"Neural networks in distributed computing and artificial intelligence","10.1016/j.neucom.2017.06.022",""
"Multi-Agent System for Demand Prediction and Trip Visualization in Bike Sharing Systems","10.3390/app8010067","https://www.mdpi.com/2076-3417/8/1/67/pdf?version=1515142581"
"Combination of Multi-Agent Systems and Wireless Sensor Networks for the Monitoring of Cattle","10.3390/s18010108","https://www.mdpi.com/1424-8220/18/1/108/pdf?version=1516694198"
"Predicting the risk of suffering chronic social exclusion with machine learning","10.1007/978-3-319-62410-5_16",""
"A guideline for reporting experimental protocols in life sciences","10.7717/peerj.4795",""
"A Comprehensive Quality Model for Linked Data","10.3233/SW-170267",""
"FMonE: A Flexible Monitoring Solution at the Edge","10.1155/2018/2068278",""
"The apertium bilingual dictionaries on the web of data","10.3233/SW-170258",""
"Dealing with Demand in Electric Grids with an Adaptive Consumption Management Platform","10.1155/2018/4012740",""
"IoT Approaches for Distributed Computing","10.1155/2018/9741053",""
"Classification of retinal vessels using a collaborative agent-based architecture","10.3233/AIC-180772",""
"Assess and Enhancing Attention in Learning Activities","10.1007/978-3-319-73210-7_93",""
"Machine learning-based query augmentation for SPARQL endpoints","10.5220/0006925300570067",""
"Assigning Creative Commons Licenses to Research Metadata: Issues and Cases","10.1007/978-3-030-00178-0_16",""
"Fuzzy semantic labeling of semi-structured numerical datasets","10.1007/978-3-030-03667-6_2",""
"A SAREF extension for semantic interoperability in the industry and manufacturing domain","10.1002/9781119564034.ch25",""
"PROFILES & DATA: SEARCH – International Workshop on Profiling & Searching Data on the Web Chairs’ Welcome","10.1145/3184558.3192316",""
"Semantic Discovery in the Web of Things","10.1007/978-3-319-74433-9_2",""
"Characterize a human-robot interaction: Robot personal assistance","10.1007/978-3-319-62530-0_8",""
"DBtravel: A tourism-oriented semantic graph","10.1007/978-3-030-03056-8_19",""
"Type prediction of RDF knowledge graphs using binary classifiers with structural data","10.1007/978-3-030-03056-8_27",""
"Publishing tourism statistics as linked data a case study of Sri Lanka","10.1007/978-3-030-03056-8_17",""
"Knowledge base evolution analysis: A case study in the tourism domain","10.1007/978-3-030-03056-8_26",""
"Linked-Fiestas: A knowledge graph to promote cultural tourism in Spain","10.1007/978-3-030-03056-8_18",""
"Reuse and Reengineering of Non-ontological Resources in the Legal Domain","10.1007/978-3-030-00178-0_24",""
"A Linked Data Terminology for Copyright Based on Ontolex-Lemon","10.1007/978-3-030-00178-0_28",""
"Requirements behaviour analysis for ontology testing","10.1007/978-3-030-03667-6_8",""
"Inferring types on large datasets applying ontology class hierarchy classifiers: The dbpedia case","10.1007/978-3-030-03667-6_21",""
"CREATING AND IMPROVING EDUCATIONAL MATERIALS: AN APPROACH BASED ON CROWDSOURCING","10.21125/iceri.2018.1854",""
"Reliability and correlation analysis of computed methods to convert conventional 2D radiological hindfoot measurements to a 3D setting using weightbearing CT","10.1007/s11548-018-1727-5",""
"LawORDate: A service for distinguishing legal references from temporal expressions","","http://ceur-ws.org/Vol-2049/04paper.pdf"
"Building the legal knowledge graph for smart compliance services in multilingual Europe","","http://ceur-ws.org/Vol-2049/02paper.pdf"
"Architecting data science education","","http://ceur-ws.org/Vol-2104/paper_266.pdf"
"Challenge-based learning in computational biology and data science","","http://ceur-ws.org/Vol-2104/paper_236.pdf"
"Refining terminological saturation using string similarity measures","","http://ceur-ws.org/Vol-2105/10000003.pdf"
"Spanish corpus of tweets for marketing","10.1007/978-3-319-98192-5_53",""
"SlideWiki - Towards a collaborative and accessible platform for slide presentations","",""
"Ontological requirement specification for smart irrigation systems: A SOSA/SSN and SAREF comparison","","https://hal.science/hal-02042584/document"
"Proceedings of the 9th international semantic sensor networks workshop (SSN 2018) held at the 17th International Semantic Web Conference (ISWC 2018)","",""
"Extending the SAREF ontology for building devices and topology?","",""
"Besoins ontologiques d'un système d'irrigation intelligent: Comparaison entre SSN et SAREF","","https://hal.science/hal-01841316/document"
"Towards integrating public procurement data into a semantic knowledge graph","","http://ceur-ws.org/Vol-2262/ekaw-poster-01.pdf"
"NLP4Types: predicting types using NLP","","http://ceur-ws.org/Vol-2262/ekaw-demo-19-poster.pdf"
"OOPS!: A Pitfall-Based System for Ontology Diagnosis","",""
"Predicting Incorrect Mappings: A Data-Driven Approach Applied to DBpedia","",""
"DBtravel: A Tourism-Oriented Semantic Graph","10.1007/978-3-030-03056-8_19",""
"Machine Learning-based Query Augmentation for SPARQL Endpoints","10.5220/0006925300570067",""
"Inferring Types on Large Datasets Applying Ontology Class Hierarchy Classifiers: The DBpedia Case","10.1007/978-3-030-03667-6_21",""
"Publishing Tourism Statistics as Linked Data a Case Study of Sri Lanka","10.1007/978-3-030-03056-8_17",""
"Extending the SAREF ontology for building devices and topology","",""
"Ontological requirement specification for smart irrigation systems: a SOSA/SSN and SAREF comparison","","https://hal.science/hal-02042584/document"
"Besoins ontologiques d'un système d'irrigation intelligent: comparaison entre SSN et SAREF","","https://hal.science/hal-01841316/document"
"Enabling interoperability-as-a-service for connected IoT infrastructures and Smart Objects","",""
"Polypharmacy in HIV-infected and non-HIV-infected individuals in the region of Madrid (Spain): A population-based study","",""
"Proceedings of the 6th Linked Data in Architecture and Construction Workshop (LDAC2018)","",""
"Advances in Pattern-Based Ontology Engineering","10.3233/ssw51",""
"OWL: Experiences and Directions – Reasoner Evaluation (13th International Workshop, OWLED 2016, and 5th International Workshop, ORE 2016, Bologna, Italy, November 20, 2016, Revised Selected Papers)","",""
"Linked Open Vocabularies (LOV): a gateway to reusable semantic vocabularies on the","10.3233/sw-160213",""
"Efficient Clustering from Distributions over Topics","10.1145/3148011.3148019",""
"Distributing Text Mining tasks with librAIry","10.1145/3103010.3121040",""
"Quantifying Reproducibility in Computational Biology: The Case of the Tuberculosis Drugome","10.1371/journal.pone.0080278","https://journals.plos.org/plosone/article/file?id=10.1371/journal.pone.0080278&type=printable"
"Review of the state of the art: Discovering and Associating Semantics to Tags in Folksonomies","10.1017/S026988891100018X",""
"Ontology Development by Reuse","10.1007/978-3-642-24794-1_7",""
"Integrating WordNet and Wiktionary with lemon","10.1007/978-3-642-28249-2_3",""
"Ontology Requirements Specification","10.1007/978-3-642-24794-1_5",""
"The NeOn Methodology for Ontology Engineering","10.1007/978-3-642-24794-1_2",""
"Introduction: Ontology Engineering in a Networked World","10.1007/978-3-642-24794-1_1",""
"Scheduling Ontology Engineering Projects Using gOntt","10.1007/978-3-642-24794-1_14",""
"A Semantically Enhanced UPnP Control Point for Sharing Multimedia Content","10.1109/MIC.2011.83",""
"The landscape of multimedia ontologies in the last decade","10.1007/s11042-011-0905-z",""
"Five Challenges for the Semantic Sensor Web","10.3233/SW-2010-0005",""
"Developing Ontologies withing Decentralized Settings","10.1007/978-1-4419-5908-9_4",""
"A framework and computer system for knowledge-level acquisition, representation, and reasoning with process knowledge","10.1016/j.ijhcs.2010.05.004",""
"A Tool Suite to Enable Web Designers, Web Application Developers and End-users to Handle Semantic Data","10.4018/jswis.2010070103",""
"A Contribution-based Framework for the Creation of Semantically-enabled Web Applications","10.1016/j.ins.2009.07.004",""
"Semantic Web-enabled Protocol Mediation for the Logistics Domain","10.4018/978-1-60566-066-0.ch004",""
"Semantic Content Mediation and Acquisition: The Challenge for Semantic e-Business Solutions","10.4018/978-1-59904-192-6",""
"Architectural Patterns for the Semantic Grid","10.1007/978-0-387-37831-2_8",""
"A Layered Model for Building Ontology Translation Systems","10.4018/978-1-59904-426-2",""
"Personal eBanking Solutions Based on Semantic Web Services","10.1007/978-3-540-37017-8_13",""
"Legal Ontologies for the spanish e-Government","10.1007/11881216_32",""
"Ontology Based Document Annotation: Trends and Open Research Problems","10.1504/IJMSO.2006.008769",""
"A layered model for building ontology translation systems","10.4018/978-1-59904-426-2",""
"R2O, an extensible and semantically based database-to-ontology mapping language","10.1007/b106149",""
"Reference Ontology and (ONTO)2 Agent: The Ontology Yellow pages","10.1007/PL00011649",""
"Knowledge Maps: An Essential Technique for Conceptualization","10.1016/S0169-023X(99)00050-6",""
