URL,DOI
https://portalcientifico.upm.es/es/ipublic/item/10175276,10.9781/ijimai.2023.12.001
https://portalcientifico.upm.es/es/ipublic/item/10187417,
https://portalcientifico.upm.es/es/ipublic/item/10187482,10.2830/446704
https://portalcientifico.upm.es/es/ipublic/item/10118307,10.1007/s11227-023-05774-3
https://portalcientifico.upm.es/es/ipublic/item/10175280,10.3390/info14120631
https://portalcientifico.upm.es/es/ipublic/item/9836632,
https://portalcientifico.upm.es/es/ipublic/item/10175317,10.9781/ijimai.2023.11.001
https://portalcientifico.upm.es/es/ipublic/item/10192322,
https://portalcientifico.upm.es/es/ipublic/item/10192319,
https://portalcientifico.upm.es/es/ipublic/item/10182508,
https://portalcientifico.upm.es/es/ipublic/item/10108603,10.1016/j.artmed.2023.102687
https://portalcientifico.upm.es/es/ipublic/item/10106022,10.3390/app131910778
https://portalcientifico.upm.es/es/ipublic/item/10111090,10.1109/MMUL.2023.3303393
https://portalcientifico.upm.es/es/ipublic/item/10192321,
https://portalcientifico.upm.es/es/ipublic/item/10098759,
https://portalcientifico.upm.es/es/ipublic/item/10091044,10.3989/redc.2023.3.1996
https://portalcientifico.upm.es/es/ipublic/item/10115063,10.1145/3586078
https://portalcientifico.upm.es/es/ipublic/item/10108585,10.26342/2023-71-15
https://portalcientifico.upm.es/es/ipublic/item/10090620,10.1016/j.techsoc.2023.102304
https://portalcientifico.upm.es/es/ipublic/item/10090198,10.1007/s11042-023-15959-w
https://portalcientifico.upm.es/es/ipublic/item/10091654,10.3390/info14070351
https://portalcientifico.upm.es/es/ipublic/item/10151519,
https://portalcientifico.upm.es/es/ipublic/item/10096624,
https://portalcientifico.upm.es/es/ipublic/item/10091039,10.2298/CSIS220110008V
https://portalcientifico.upm.es/es/ipublic/item/9968833,10.1109/TG.2022.3214154
https://portalcientifico.upm.es/es/ipublic/item/10037968,10.1016/j.envsoft.2023.105695
https://portalcientifico.upm.es/es/ipublic/item/10097130,
https://portalcientifico.upm.es/es/ipublic/item/10192324,
https://portalcientifico.upm.es/es/ipublic/item/10192325,
https://portalcientifico.upm.es/es/ipublic/item/10084306,10.3390/rs15112716
https://portalcientifico.upm.es/es/ipublic/item/10079461,10.1016/j.softx.2023.101391
https://portalcientifico.upm.es/es/ipublic/item/10018424,10.1007/s11192-023-04648-y
https://portalcientifico.upm.es/es/ipublic/item/10041164,10.26342/2023-70-12
https://portalcientifico.upm.es/es/ipublic/item/9973746,10.1016/j.inffus.2022.09.028
https://portalcientifico.upm.es/es/ipublic/item/9973831,10.1016/j.inffus.2022.10.011
https://portalcientifico.upm.es/es/ipublic/item/9979875,10.1016/j.future.2022.11.004
https://portalcientifico.upm.es/es/ipublic/item/10023041,10.1007/978-3-031-21229-1_1
https://portalcientifico.upm.es/es/ipublic/item/10036096,10.1109/CCNC51644.2023.10059701
https://portalcientifico.upm.es/es/ipublic/item/10079486,10.1145/3543873.3589756
https://portalcientifico.upm.es/es/ipublic/item/10081261,10.1109/ACCESS.2023.3276240
https://portalcientifico.upm.es/es/ipublic/item/10084272,10.3233/SW-210451
https://portalcientifico.upm.es/es/ipublic/item/10084493,10.3233/SW-223278
https://portalcientifico.upm.es/es/ipublic/item/10090159,10.1007/978-3-031-33455-9_29
https://portalcientifico.upm.es/es/ipublic/item/10090845,10.5334/cstp.538
https://portalcientifico.upm.es/es/ipublic/item/10093528,10.1007/978-3-031-38079-2_9
https://portalcientifico.upm.es/es/ipublic/item/10115091,10.1007/978-3-031-47240-4_15
https://portalcientifico.upm.es/es/ipublic/item/10115096,10.1007/978-3-031-47243-5_9
https://portalcientifico.upm.es/es/ipublic/item/10148311,10.1145/3587259.3627574
https://portalcientifico.upm.es/es/ipublic/item/10175721,10.1109/CBMS58004.2023.00043
https://portalcientifico.upm.es/es/ipublic/item/10177413,10.1007/978-3-031-48539-8_15
https://portalcientifico.upm.es/es/ipublic/item/10177436,10.3233/FAIA230983
https://portalcientifico.upm.es/es/ipublic/item/10179709,10.1016/j.jbi.2023.104382
https://portalcientifico.upm.es/es/ipublic/item/9908884,10.1049/ntw2.12037
https://portalcientifico.upm.es/es/ipublic/item/9983535,10.1016/j.neucom.2022.12.010
https://portalcientifico.upm.es/es/ipublic/item/10041192,10.1109/CIoT57267.2023.10084897
https://portalcientifico.upm.es/es/ipublic/item/10079482,10.1145/3543873.3587359
https://portalcientifico.upm.es/es/ipublic/item/10079484,10.1145/3543873.3587358
https://portalcientifico.upm.es/es/ipublic/item/10079487,10.1145/3543873.3589745
https://portalcientifico.upm.es/es/ipublic/item/10079490,10.1145/3543873.3587628
https://portalcientifico.upm.es/es/ipublic/item/10086272,10.1109/PDP59025.2023.00035
https://portalcientifico.upm.es/es/ipublic/item/10090835,10.1002/9781119899457.ch7
https://portalcientifico.upm.es/es/ipublic/item/9968002,10.1007/s10489-022-04175-y
https://portalcientifico.upm.es/es/ipublic/item/10084577,
https://portalcientifico.upm.es/es/ipublic/item/10092035,
https://portalcientifico.upm.es/es/ipublic/item/10092126,
https://portalcientifico.upm.es/es/ipublic/item/10092176,https://doi.org/10.1007/978-3-031-34444-2_19
https://portalcientifico.upm.es/es/ipublic/item/10092356,
https://portalcientifico.upm.es/es/ipublic/item/10101262,
https://portalcientifico.upm.es/es/ipublic/item/10101265,
https://portalcientifico.upm.es/es/ipublic/item/10101983,
https://portalcientifico.upm.es/es/ipublic/item/10103289,
https://portalcientifico.upm.es/es/ipublic/item/10105966,
https://portalcientifico.upm.es/es/ipublic/item/10105968,
https://portalcientifico.upm.es/es/ipublic/item/10107739,https://doi.org/10.1007/978-3-031-47240-4_15
https://portalcientifico.upm.es/es/ipublic/item/10111141,
https://portalcientifico.upm.es/es/ipublic/item/10113959,
https://portalcientifico.upm.es/es/ipublic/item/10115042,
https://portalcientifico.upm.es/es/ipublic/item/10115095,10.1007/978-3-031-47243-5_5
https://portalcientifico.upm.es/es/ipublic/item/10115097,
https://portalcientifico.upm.es/es/ipublic/item/10118318,10.1109/ICDCSW60045.2023.00016
https://portalcientifico.upm.es/es/ipublic/item/10148314,10.1145/3587259.3627554
https://portalcientifico.upm.es/es/ipublic/item/10151068,10.1109/BCCA58897.2023.10338895
https://portalcientifico.upm.es/es/ipublic/item/10177322,10.1145/3555776.3577692
https://portalcientifico.upm.es/es/ipublic/item/10177339,10.1109/PerComWorkshops56833.2023.10150302
https://portalcientifico.upm.es/es/ipublic/item/10177367,10.1007/978-3-031-42280-5_12
https://portalcientifico.upm.es/es/ipublic/item/10177435,
https://portalcientifico.upm.es/es/ipublic/item/10177479,
https://portalcientifico.upm.es/es/ipublic/item/10177480,
https://portalcientifico.upm.es/es/ipublic/item/10177481,
https://portalcientifico.upm.es/es/ipublic/item/10177516,
https://portalcientifico.upm.es/es/ipublic/item/10179708,
https://portalcientifico.upm.es/es/ipublic/item/10179710,10.1007/978-3-031-32213-6_10
https://portalcientifico.upm.es/es/ipublic/item/10179714,
https://portalcientifico.upm.es/es/ipublic/item/10179717,10.1145/3587259.3627565
https://portalcientifico.upm.es/es/ipublic/item/10187322,
https://portalcientifico.upm.es/es/ipublic/item/10198896,10.13052/jwe1540-9589.2284
https://portalcientifico.upm.es/es/ipublic/item/10098705,
https://portalcientifico.upm.es/es/ipublic/item/9980464,10.1016/j.annepidem.2022.08.036
https://portalcientifico.upm.es/es/ipublic/item/10083709,10.9781/ijimai.2022.11.001
https://portalcientifico.upm.es/es/ipublic/item/10010283,10.12688/wellcomeopenres.16867.5
https://portalcientifico.upm.es/es/ipublic/item/10010303,10.3897/rio.8.e95943
https://portalcientifico.upm.es/es/ipublic/item/9987468,
https://portalcientifico.upm.es/es/ipublic/item/9996156,
https://portalcientifico.upm.es/es/ipublic/item/10098316,
https://portalcientifico.upm.es/es/ipublic/item/9997409,
https://portalcientifico.upm.es/es/ipublic/item/10098321,
https://portalcientifico.upm.es/es/ipublic/item/9983460,10.26342/2022-69-9
https://portalcientifico.upm.es/es/ipublic/item/9994384,10.26342/2022-69-14
https://portalcientifico.upm.es/es/ipublic/item/9994397,10.26342/2022-69-6
https://portalcientifico.upm.es/es/ipublic/item/9996157,
https://portalcientifico.upm.es/es/ipublic/item/9955325,10.7717/PEERJ-CS.1023
https://portalcientifico.upm.es/es/ipublic/item/10098939,10.5281/zenodo.7007495
https://portalcientifico.upm.es/es/ipublic/item/9997479,10.3233/SW-223009
https://portalcientifico.upm.es/es/ipublic/item/9997408,
https://portalcientifico.upm.es/es/ipublic/item/10100771,
https://portalcientifico.upm.es/es/ipublic/item/9996155,
https://portalcientifico.upm.es/es/ipublic/item/9991573,10.15497/RDA00068
https://portalcientifico.upm.es/es/ipublic/item/9767753,10.1016/j.is.2021.101966
https://portalcientifico.upm.es/es/ipublic/item/10098636,
https://portalcientifico.upm.es/es/ipublic/item/9998098,10.1007/978-3-030-78307-5_12
https://portalcientifico.upm.es/es/ipublic/item/9812351,10.1162/qss_a_00167
https://portalcientifico.upm.es/es/ipublic/item/10099237,
https://portalcientifico.upm.es/es/ipublic/item/9997356,
https://portalcientifico.upm.es/es/ipublic/item/9756505,10.51305/icl.cz.9788076580336.02
https://portalcientifico.upm.es/es/ipublic/item/9985191,10.7554/eLife.72930; 10.7554/eLife.72930.sa0; 10.7554/eLife.72930.sa1; 10.7554/eLife.72930.sa2
https://portalcientifico.upm.es/es/ipublic/item/10010281,10.7554/elife.72930.sa2
https://portalcientifico.upm.es/es/ipublic/item/10099225,https://doi.org/10.7554/eLife.72930
https://portalcientifico.upm.es/es/ipublic/item/5811013,10.1002/ett.3729
https://portalcientifico.upm.es/es/ipublic/item/9438287,10.1016/j.eswa.2021.116100
https://portalcientifico.upm.es/es/ipublic/item/9741729,10.1111/tgis.12863
https://portalcientifico.upm.es/es/ipublic/item/9743802,10.1080/10095020.2021.2015250
https://portalcientifico.upm.es/es/ipublic/item/9786686,10.3233/SW-210442
https://portalcientifico.upm.es/es/ipublic/item/9812349,10.1016/j.websem.2021.100679
https://portalcientifico.upm.es/es/ipublic/item/9844216,10.3390/info13020099
https://portalcientifico.upm.es/es/ipublic/item/9891097,10.1016/j.engappai.2022.104755
https://portalcientifico.upm.es/es/ipublic/item/9909389,10.5220/0010945300003116
https://portalcientifico.upm.es/es/ipublic/item/9909430,10.1007/s42979-022-01097-x
https://portalcientifico.upm.es/es/ipublic/item/9926380,10.1016/j.neucom.2022.04.087
https://portalcientifico.upm.es/es/ipublic/item/9930578,10.1145/3477314.3507078
https://portalcientifico.upm.es/es/ipublic/item/9932227,10.3233/SW-212895
https://portalcientifico.upm.es/es/ipublic/item/9935862,10.1007/978-3-031-08473-7_14
https://portalcientifico.upm.es/es/ipublic/item/9950076,10.1145/3524842.3528497
https://portalcientifico.upm.es/es/ipublic/item/9950079,10.1109/ICBC54727.2022.9805515
https://portalcientifico.upm.es/es/ipublic/item/9951657,10.1007/978-3-031-11609-4_3
https://portalcientifico.upm.es/es/ipublic/item/9951674,10.1016/j.engappai.2022.105222
https://portalcientifico.upm.es/es/ipublic/item/9952135,10.1007/s10586-022-03691-3
https://portalcientifico.upm.es/es/ipublic/item/9955230,10.3390/s22166260
https://portalcientifico.upm.es/es/ipublic/item/9957777,10.1145/3487553.3547182
https://portalcientifico.upm.es/es/ipublic/item/9963100,10.1145/3524458.3547230
https://portalcientifico.upm.es/es/ipublic/item/9963121,10.1109/ICCCN54977.2022.9868916
https://portalcientifico.upm.es/es/ipublic/item/9968010,10.3233/SW-222885
https://portalcientifico.upm.es/es/ipublic/item/9968850,10.1109/Blockchain55522.2022.00023
https://portalcientifico.upm.es/es/ipublic/item/9973885,10.1007/978-3-031-17105-5_2
https://portalcientifico.upm.es/es/ipublic/item/9974109,10.1007/978-3-031-17105-5_11
https://portalcientifico.upm.es/es/ipublic/item/9979032,https://doi.org/10.1007/s10209-022-00946-z
https://portalcientifico.upm.es/es/ipublic/item/9979068,10.1109/DS-RT55542.2022.9932122
https://portalcientifico.upm.es/es/ipublic/item/9983446,10.1007/978-3-031-07535-3_20
https://portalcientifico.upm.es/es/ipublic/item/9983465,10.3390/info13120562
https://portalcientifico.upm.es/es/ipublic/item/9994403,10.1109/TransAI54797.2022.00007
https://portalcientifico.upm.es/es/ipublic/item/9994439,10.1145/3565011.3569061
https://portalcientifico.upm.es/es/ipublic/item/9994440,10.1007/978-3-031-20436-4_4
https://portalcientifico.upm.es/es/ipublic/item/10010248,10.12688/openreseurope.15280.1
https://portalcientifico.upm.es/es/ipublic/item/10010498,10.3233/FAIA220462
https://portalcientifico.upm.es/es/ipublic/item/10010502,10.3233/FAIA220470
https://portalcientifico.upm.es/es/ipublic/item/10013006,10.1145/3560905.3568175
https://portalcientifico.upm.es/es/ipublic/item/10020308,10.3233/DS-210053
https://portalcientifico.upm.es/es/ipublic/item/10179699,10.3390/ijgi11020086
https://portalcientifico.upm.es/es/ipublic/item/10179701,10.2166/hydro.2022.070
https://portalcientifico.upm.es/es/ipublic/item/10179702,10.22201/iibi.24488321xe.2022.91.58538
https://portalcientifico.upm.es/es/ipublic/item/9350109,10.1016/j.ins.2021.09.011
https://portalcientifico.upm.es/es/ipublic/item/9759701,https://doi.org/10.1016/j.knosys.2021.108092
https://portalcientifico.upm.es/es/ipublic/item/9887739,10.1142/S0218194022500036
https://portalcientifico.upm.es/es/ipublic/item/9906357,10.1007/978-3-030-87687-6_11
https://portalcientifico.upm.es/es/ipublic/item/9906358,10.1007/978-3-030-87687-6_4
https://portalcientifico.upm.es/es/ipublic/item/9906359,10.1007/978-3-030-87687-6_10
https://portalcientifico.upm.es/es/ipublic/item/9934070,10.1007/978-3-031-06981-9_20
https://portalcientifico.upm.es/es/ipublic/item/9934096,10.1075/tlrp.23.07mon
https://portalcientifico.upm.es/es/ipublic/item/9950986,10.1007/978-3-031-08648-9_48
https://portalcientifico.upm.es/es/ipublic/item/9963090,10.23919/ANNSIM55834.2022.9859513
https://portalcientifico.upm.es/es/ipublic/item/9965519,10.1007/978-3-031-16802-4_6
https://portalcientifico.upm.es/es/ipublic/item/9932221,
https://portalcientifico.upm.es/es/ipublic/item/9932224,
https://portalcientifico.upm.es/es/ipublic/item/9932225,
https://portalcientifico.upm.es/es/ipublic/item/9938164,
https://portalcientifico.upm.es/es/ipublic/item/9938165,
https://portalcientifico.upm.es/es/ipublic/item/9940015,
https://portalcientifico.upm.es/es/ipublic/item/9940016,
https://portalcientifico.upm.es/es/ipublic/item/9940017,
https://portalcientifico.upm.es/es/ipublic/item/9950090,
https://portalcientifico.upm.es/es/ipublic/item/9963101,10.1136/bmjopen-2022-063411
https://portalcientifico.upm.es/es/ipublic/item/9968069,
https://portalcientifico.upm.es/es/ipublic/item/9968826,
https://portalcientifico.upm.es/es/ipublic/item/9968829,
https://portalcientifico.upm.es/es/ipublic/item/9974155,
https://portalcientifico.upm.es/es/ipublic/item/9979833,
https://portalcientifico.upm.es/es/ipublic/item/9979841,
https://portalcientifico.upm.es/es/ipublic/item/9979843,
https://portalcientifico.upm.es/es/ipublic/item/9979846,
https://portalcientifico.upm.es/es/ipublic/item/9983453,
https://portalcientifico.upm.es/es/ipublic/item/9994372,
https://portalcientifico.upm.es/es/ipublic/item/9994387,
https://portalcientifico.upm.es/es/ipublic/item/9994413,
https://portalcientifico.upm.es/es/ipublic/item/10010536,
https://portalcientifico.upm.es/es/ipublic/item/10020291,
https://portalcientifico.upm.es/es/ipublic/item/10024254,
https://portalcientifico.upm.es/es/ipublic/item/10098810,
https://portalcientifico.upm.es/es/ipublic/item/10115038,
https://portalcientifico.upm.es/es/ipublic/item/10118192,
https://portalcientifico.upm.es/es/ipublic/item/10179706,
https://portalcientifico.upm.es/es/ipublic/item/9383712,10.1016/j.eswa.2021.115731
https://portalcientifico.upm.es/es/ipublic/item/9767734,10.9781/ijimai.2021.08.011
https://portalcientifico.upm.es/es/ipublic/item/9343083,10.1080/15230406.2021.1952109
https://portalcientifico.upm.es/es/ipublic/item/9997361,
https://portalcientifico.upm.es/es/ipublic/item/9337458,10.1108/DTA-10-2020-0253
https://portalcientifico.upm.es/es/ipublic/item/9997358,
https://portalcientifico.upm.es/es/ipublic/item/9741685,10.26342/2021-67-2
https://portalcientifico.upm.es/es/ipublic/item/9342832,10.3390/app11157033
https://portalcientifico.upm.es/es/ipublic/item/9343036,10.3390/su13169168
https://portalcientifico.upm.es/es/ipublic/item/9745253,10.21125/edulearn.2021.0165
https://portalcientifico.upm.es/es/ipublic/item/9292552,10.1016/j.ins.2021.02.018
https://portalcientifico.upm.es/es/ipublic/item/9419352,10.1016/j.websem.2021.100655
https://portalcientifico.upm.es/es/ipublic/item/9812345,10.1145/3453172
https://portalcientifico.upm.es/es/ipublic/item/9996154,
https://portalcientifico.upm.es/es/ipublic/item/10014744,
https://portalcientifico.upm.es/es/ipublic/item/9828688,10.1016/j.trd.2021.102784
https://portalcientifico.upm.es/es/ipublic/item/9219731,10.1007/s10115-021-01545-9
https://portalcientifico.upm.es/es/ipublic/item/9323417,10.1093/jigpal/jzaa043
https://portalcientifico.upm.es/es/ipublic/item/9296532,10.1016/j.autcon.2021.103592
https://portalcientifico.upm.es/es/ipublic/item/9998259,
https://portalcientifico.upm.es/es/ipublic/item/9116277,10.1109/ACCESS.2021.3051839
https://portalcientifico.upm.es/es/ipublic/item/9283614,10.3233/SW-200396
https://portalcientifico.upm.es/es/ipublic/item/9350410,10.1007/978-3-030-88361-4_26
https://portalcientifico.upm.es/es/ipublic/item/9383783,10.1109/ICCCN52240.2021.9522257
https://portalcientifico.upm.es/es/ipublic/item/9383784,10.1109/ICCCN52240.2021.9522165
https://portalcientifico.upm.es/es/ipublic/item/9383940,10.1109/ACCESS.2021.3115577
https://portalcientifico.upm.es/es/ipublic/item/9383942,10.3233/SW-210432
https://portalcientifico.upm.es/es/ipublic/item/9767705,10.1109/EuroSPW54576.2021.00038
https://portalcientifico.upm.es/es/ipublic/item/9767757,10.1007/978-3-030-89811-3_23
https://portalcientifico.upm.es/es/ipublic/item/9812350,10.1109/WORKS54523.2021.00016
https://portalcientifico.upm.es/es/ipublic/item/9887758,10.1109/DS-RT52167.2021.9576121
https://portalcientifico.upm.es/es/ipublic/item/9891188,10.3233/SSW51
https://portalcientifico.upm.es/es/ipublic/item/9969232,10.1145/3462203.3475910
https://portalcientifico.upm.es/es/ipublic/item/9983444,10.23919/ANNSIM52504.2021.9552126
https://portalcientifico.upm.es/es/ipublic/item/10015487,978-1-64368-201-3
https://portalcientifico.upm.es/es/ipublic/item/10179693,10.1111/tgis.12720
https://portalcientifico.upm.es/es/ipublic/item/10179695,10.3390/ijgi10060374
https://portalcientifico.upm.es/es/ipublic/item/10179697,10.1007/978-3-030-85082-1_11
https://portalcientifico.upm.es/es/ipublic/item/9089334,10.3233/SW-200397
https://portalcientifico.upm.es/es/ipublic/item/9107123,10.1016/j.engappai.2020.104026
https://portalcientifico.upm.es/es/ipublic/item/9123373,10.2514/6.2021-1061
https://portalcientifico.upm.es/es/ipublic/item/9338914,
https://portalcientifico.upm.es/es/ipublic/item/9338915,
https://portalcientifico.upm.es/es/ipublic/item/9343376,
https://portalcientifico.upm.es/es/ipublic/item/9384001,10.1007/978-3-030-80418-3_8
https://portalcientifico.upm.es/es/ipublic/item/9419354,
https://portalcientifico.upm.es/es/ipublic/item/9767751,10.1007/978-3-030-89811-3_18
https://portalcientifico.upm.es/es/ipublic/item/9767758,10.1007/978-3-030-89811-3_1
https://portalcientifico.upm.es/es/ipublic/item/9812347,
https://portalcientifico.upm.es/es/ipublic/item/9812348,
https://portalcientifico.upm.es/es/ipublic/item/9891112,10.1109/AICCSA53542.2021.9686935
https://portalcientifico.upm.es/es/ipublic/item/9895713,
https://portalcientifico.upm.es/es/ipublic/item/9909386,10.1007/978-3-030-89811-3_22
https://portalcientifico.upm.es/es/ipublic/item/9909410,
https://portalcientifico.upm.es/es/ipublic/item/9932218,10.1109/ICSC50631.2021.9475916
https://portalcientifico.upm.es/es/ipublic/item/9951995,
https://portalcientifico.upm.es/es/ipublic/item/9951996,
https://portalcientifico.upm.es/es/ipublic/item/9969151,10.3233/SW-200398
https://portalcientifico.upm.es/es/ipublic/item/9969246,10.1145/3460210.3493579
https://portalcientifico.upm.es/es/ipublic/item/9994203,10.1016/j.ijporl.2003.08.004
https://portalcientifico.upm.es/es/ipublic/item/9909388,10.1007/978-3-030-89811-3_20
https://portalcientifico.upm.es/es/ipublic/item/9951994,
https://portalcientifico.upm.es/es/ipublic/item/9994167,
https://portalcientifico.upm.es/es/ipublic/item/9994209,
https://portalcientifico.upm.es/es/ipublic/item/9994211,10.1109/ICSC50631.2021.00089
https://portalcientifico.upm.es/es/ipublic/item/9994229,
https://portalcientifico.upm.es/es/ipublic/item/9994255,
https://portalcientifico.upm.es/es/ipublic/item/9994274,
https://portalcientifico.upm.es/es/ipublic/item/10015456,978-3-030-89810-6
https://portalcientifico.upm.es/es/ipublic/item/7474144,10.1016/j.websem.2020.100596
https://portalcientifico.upm.es/es/ipublic/item/9812336,10.1038/s41398-020-0705-1
https://portalcientifico.upm.es/es/ipublic/item/9812338,10.1038/s41467-020-18367-y
https://portalcientifico.upm.es/es/ipublic/item/9860012,
https://portalcientifico.upm.es/es/ipublic/item/9891058,10.1109/NCA51143.2020.9306721
https://portalcientifico.upm.es/es/ipublic/item/9764885,
https://portalcientifico.upm.es/es/ipublic/item/5938127,10.1007/s12652-019-01561-2
https://portalcientifico.upm.es/es/ipublic/item/6822947,10.1007/s12652-019-01608-4
https://portalcientifico.upm.es/es/ipublic/item/9810493,
https://portalcientifico.upm.es/es/ipublic/item/9901028,
https://portalcientifico.upm.es/es/ipublic/item/9983442,10.1145/3410699.3413798
https://portalcientifico.upm.es/es/ipublic/item/9983443,10.1145/3410699.3413789
https://portalcientifico.upm.es/es/ipublic/item/8505195,10.3390/s20185198
https://portalcientifico.upm.es/es/ipublic/item/6406178,10.1111/hiv.12883
https://portalcientifico.upm.es/es/ipublic/item/5654246,10.1016/j.future.2018.07.035
https://portalcientifico.upm.es/es/ipublic/item/6466281,10.1007/s00500-020-05061-w
https://portalcientifico.upm.es/es/ipublic/item/6961749,10.1093/cid/ciz811
https://portalcientifico.upm.es/es/ipublic/item/9886657,https://doi.org/10.18293/SEKE2020
https://portalcientifico.upm.es/es/ipublic/item/6626748,10.1007/s00354-020-00100-4
https://portalcientifico.upm.es/es/ipublic/item/8680248,10.1109/ICALT49669.2020.00091
https://portalcientifico.upm.es/es/ipublic/item/7067650,10.1145/3389189.3397973
https://portalcientifico.upm.es/es/ipublic/item/9836626,978-84-1324-774-8
https://portalcientifico.upm.es/es/ipublic/item/9886656,
https://portalcientifico.upm.es/es/ipublic/item/7979704,10.1142/S0218194020400070
https://portalcientifico.upm.es/es/ipublic/item/5643816,10.1007/s10579-019-09470-8
https://portalcientifico.upm.es/es/ipublic/item/9107153,
https://portalcientifico.upm.es/es/ipublic/item/9895689,
https://portalcientifico.upm.es/es/ipublic/item/9895692,
https://portalcientifico.upm.es/es/ipublic/item/9810494,
https://portalcientifico.upm.es/es/ipublic/item/9812335,10.1126/science.aay6690
https://portalcientifico.upm.es/es/ipublic/item/6182399,10.1109/MSP.2019.2955207
https://portalcientifico.upm.es/es/ipublic/item/6185891,10.3390/info11030129
https://portalcientifico.upm.es/es/ipublic/item/6249396,10.3390/app10051803
https://portalcientifico.upm.es/es/ipublic/item/6112121,10.3390/s20030822
https://portalcientifico.upm.es/es/ipublic/item/5725086,10.1007/978-3-030-23887-2_15
https://portalcientifico.upm.es/es/ipublic/item/6466175,10.1109/ACCESS.2020.2998012
https://portalcientifico.upm.es/es/ipublic/item/6823060,10.1007/978-3-030-49461-2_29
https://portalcientifico.upm.es/es/ipublic/item/9065984,10.1109/ACCESS.2020.3030006
https://portalcientifico.upm.es/es/ipublic/item/9066107,10.1007/978-3-030-62419-4_16
https://portalcientifico.upm.es/es/ipublic/item/9221261,10.1109/SEST48500.2020.9203093
https://portalcientifico.upm.es/es/ipublic/item/9221262,10.1109/SEST48500.2020.9203338
https://portalcientifico.upm.es/es/ipublic/item/9338888,10.1109/ISCC50000.2020.9219623
https://portalcientifico.upm.es/es/ipublic/item/9350305,10.3233/FAIA200847
https://portalcientifico.upm.es/es/ipublic/item/9812339,10.3233/SW-200380
https://portalcientifico.upm.es/es/ipublic/item/9812340,10.1007/978-3-030-62466-8_18
https://portalcientifico.upm.es/es/ipublic/item/9812341,10.1007/978-3-030-62466-8_4
https://portalcientifico.upm.es/es/ipublic/item/9812344,https://doi.org/10.1162/dint_a_00033
https://portalcientifico.upm.es/es/ipublic/item/9856391,10.26826/law-in-context.v37i1.129
https://portalcientifico.upm.es/es/ipublic/item/9983441,10.1109/CCNC46108.2020.9045640
https://portalcientifico.upm.es/es/ipublic/item/10179679,10.1590/1678-9865202032e180077
https://portalcientifico.upm.es/es/ipublic/item/5658388,10.1007/s10115-019-01346-1
https://portalcientifico.upm.es/es/ipublic/item/5725095,10.1007/978-3-030-23990-9_2
https://portalcientifico.upm.es/es/ipublic/item/6013641,10.1016/j.jss.2019.110432
https://portalcientifico.upm.es/es/ipublic/item/6112108,10.3233/SW-190384
https://portalcientifico.upm.es/es/ipublic/item/6112127,10.1007/978-3-030-39459-2_2
https://portalcientifico.upm.es/es/ipublic/item/6138990,10.1007/s12652-020-01804-7
https://portalcientifico.upm.es/es/ipublic/item/8262889,10.3233/SW-200373
https://portalcientifico.upm.es/es/ipublic/item/8679931,10.3233/JIFS-179865
https://portalcientifico.upm.es/es/ipublic/item/8787031,10.1007/978-3-030-58790-1_4
https://portalcientifico.upm.es/es/ipublic/item/8787040,10.1007/978-3-030-58796-3_10
https://portalcientifico.upm.es/es/ipublic/item/9068478,10.3233/SW-200402
https://portalcientifico.upm.es/es/ipublic/item/9340281,10.1109/CIST49399.2021.9357197
https://portalcientifico.upm.es/es/ipublic/item/9343212,10.1109/WIIAT50758.2020.00043
https://portalcientifico.upm.es/es/ipublic/item/9419350,10.1007/978-3-030-61244-3_18
https://portalcientifico.upm.es/es/ipublic/item/9419351,10.1007/978-3-030-65847-2_11
https://portalcientifico.upm.es/es/ipublic/item/9894039,10.1007/978-3-030-62466-8_27
https://portalcientifico.upm.es/es/ipublic/item/9922114,10.1007/978-3-030-61244-3_6
https://portalcientifico.upm.es/es/ipublic/item/6232177,
https://portalcientifico.upm.es/es/ipublic/item/6311245,
https://portalcientifico.upm.es/es/ipublic/item/6823061,
https://portalcientifico.upm.es/es/ipublic/item/8505158,
https://portalcientifico.upm.es/es/ipublic/item/8505169,10.18293/SEKE2020-104
https://portalcientifico.upm.es/es/ipublic/item/8996340,
https://portalcientifico.upm.es/es/ipublic/item/9088609,
https://portalcientifico.upm.es/es/ipublic/item/9341681,
https://portalcientifico.upm.es/es/ipublic/item/9778477,
https://portalcientifico.upm.es/es/ipublic/item/9812342,
https://portalcientifico.upm.es/es/ipublic/item/9812343,
https://portalcientifico.upm.es/es/ipublic/item/9822271,
https://portalcientifico.upm.es/es/ipublic/item/9822300,https://doi.org/10.48550/arXiv.2012.01953
https://portalcientifico.upm.es/es/ipublic/item/9822305,
https://portalcientifico.upm.es/es/ipublic/item/9822309,
https://portalcientifico.upm.es/es/ipublic/item/9828802,
https://portalcientifico.upm.es/es/ipublic/item/9828806,
https://portalcientifico.upm.es/es/ipublic/item/9860015,
https://portalcientifico.upm.es/es/ipublic/item/9860027,
https://portalcientifico.upm.es/es/ipublic/item/9860030,
https://portalcientifico.upm.es/es/ipublic/item/9909015,
https://portalcientifico.upm.es/es/ipublic/item/9909506,
https://portalcientifico.upm.es/es/ipublic/item/9983516,
https://portalcientifico.upm.es/es/ipublic/item/9983518,
https://portalcientifico.upm.es/es/ipublic/item/9997566,
https://portalcientifico.upm.es/es/ipublic/item/10179681,10.1080/15230406.2020.1772113
https://portalcientifico.upm.es/es/ipublic/item/10179682,10.1007/978-3-030-59872-3_3
https://portalcientifico.upm.es/es/ipublic/item/10179686,
https://portalcientifico.upm.es/es/ipublic/item/10179694,10.1007/978-3-030-45316-9_6
https://portalcientifico.upm.es/es/ipublic/item/10179705,10.1007/978-3-030-45316-9_5
https://portalcientifico.upm.es/es/ipublic/item/6182407,
https://portalcientifico.upm.es/es/ipublic/item/5658463,10.1016/j.websem.2019.03.001
https://portalcientifico.upm.es/es/ipublic/item/6016114,10.1007/s11042-019-08125-8
https://portalcientifico.upm.es/es/ipublic/item/9812334,10.1109/BigData47090.2019.9006447
https://portalcientifico.upm.es/es/ipublic/item/5440225,10.1016/j.future.2019.05.034
https://portalcientifico.upm.es/es/ipublic/item/5440317,10.1016/j.future.2019.04.037
https://portalcientifico.upm.es/es/ipublic/item/5987725,
https://portalcientifico.upm.es/es/ipublic/item/9810498,
https://portalcientifico.upm.es/es/ipublic/item/9812327,10.1029/2019PA003632
https://portalcientifico.upm.es/es/ipublic/item/9812333,10.1109/IOTSMS48152.2019.8939260
https://portalcientifico.upm.es/es/ipublic/item/6300820,10.1145/3360901.3364444
https://portalcientifico.upm.es/es/ipublic/item/9812328,10.1145/3360901.3364448
https://portalcientifico.upm.es/es/ipublic/item/5754168,10.1007/s11192-019-03179-9
https://portalcientifico.upm.es/es/ipublic/item/9812337,10.1109/eScience.2019.00046
https://portalcientifico.upm.es/es/ipublic/item/6157592,10.1145/3357419.3357442
https://portalcientifico.upm.es/es/ipublic/item/4147039,10.1016/j.websem.2018.12.010
https://portalcientifico.upm.es/es/ipublic/item/5761905,10.1049/iet-wss.2018.5209
https://portalcientifico.upm.es/es/ipublic/item/5654480,10.1016/j.websem.2018.09.003
https://portalcientifico.upm.es/es/ipublic/item/9764886,
https://portalcientifico.upm.es/es/ipublic/item/9810495,
https://portalcientifico.upm.es/es/ipublic/item/5810885,10.3233/FAIA190006
https://portalcientifico.upm.es/es/ipublic/item/5810895,10.3233/FAIA190019
https://portalcientifico.upm.es/es/ipublic/item/9856383,
https://portalcientifico.upm.es/es/ipublic/item/9856385,
https://portalcientifico.upm.es/es/ipublic/item/9776313,
https://portalcientifico.upm.es/es/ipublic/item/5658134,10.1016/j.eswa.2019.01.001
https://portalcientifico.upm.es/es/ipublic/item/5658625,10.1016/j.engappai.2019.03.007
https://portalcientifico.upm.es/es/ipublic/item/5787262,10.1109/DCOSS.2019.00061
https://portalcientifico.upm.es/es/ipublic/item/5461612,10.3390/s19081774
https://portalcientifico.upm.es/es/ipublic/item/9828684,10.4271/2019-01-1278
https://portalcientifico.upm.es/es/ipublic/item/9828685,10.4271/2019-01-1280
https://portalcientifico.upm.es/es/ipublic/item/9812326,10.1145/3308557.3308711
https://portalcientifico.upm.es/es/ipublic/item/9745516,10.1186/s40965-019-0060-4
https://portalcientifico.upm.es/es/ipublic/item/4013541,10.1007/s10115-018-1230-x
https://portalcientifico.upm.es/es/ipublic/item/5498445,10.1016/j.autcon.2018.12.010
https://portalcientifico.upm.es/es/ipublic/item/5498261,10.1111/tgis.12496
https://portalcientifico.upm.es/es/ipublic/item/9860035,
https://portalcientifico.upm.es/es/ipublic/item/9860036,
https://portalcientifico.upm.es/es/ipublic/item/9860037,
https://portalcientifico.upm.es/es/ipublic/item/5498045,10.3233/SW-180305
https://portalcientifico.upm.es/es/ipublic/item/5498048,10.3233/SW-180324
https://portalcientifico.upm.es/es/ipublic/item/5498069,10.1016/j.websem.2018.11.004
https://portalcientifico.upm.es/es/ipublic/item/5498110,10.3233/SW-180320
https://portalcientifico.upm.es/es/ipublic/item/5498112,10.3390/app9010032
https://portalcientifico.upm.es/es/ipublic/item/5643827,10.1007/978-3-030-21348-0_29
https://portalcientifico.upm.es/es/ipublic/item/5657952,10.1007/978-3-030-01746-0_46
https://portalcientifico.upm.es/es/ipublic/item/5658376,10.1007/978-3-030-14401-2_29
https://portalcientifico.upm.es/es/ipublic/item/5658624,10.1007/978-3-030-21395-4_12
https://portalcientifico.upm.es/es/ipublic/item/5811027,10.18293/SEKE2019-117
https://portalcientifico.upm.es/es/ipublic/item/5811036,10.18293/SEKE2019-055
https://portalcientifico.upm.es/es/ipublic/item/5893682,10.3390/systems7030035
https://portalcientifico.upm.es/es/ipublic/item/6003955,10.1007/978-3-030-13363-4_4
https://portalcientifico.upm.es/es/ipublic/item/6003956,10.1007/978-3-030-13363-4_2
https://portalcientifico.upm.es/es/ipublic/item/6003957,10.1007/978-3-030-13363-4_1
https://portalcientifico.upm.es/es/ipublic/item/6003958,10.1007/978-3-030-13363-4_5
https://portalcientifico.upm.es/es/ipublic/item/6003959,10.1007/978-3-030-13363-4_3
https://portalcientifico.upm.es/es/ipublic/item/6003960,10.1007/978-3-030-13363-4_6
https://portalcientifico.upm.es/es/ipublic/item/6069400,10.3390/app9235180
https://portalcientifico.upm.es/es/ipublic/item/6684910,10.1007/978-3-030-29374-1_19
https://portalcientifico.upm.es/es/ipublic/item/6822933,10.1007/978-3-030-32327-1_19
https://portalcientifico.upm.es/es/ipublic/item/6822966,10.1007/978-3-030-36691-9_19
https://portalcientifico.upm.es/es/ipublic/item/9812324,10.1145/3301275.3302324
https://portalcientifico.upm.es/es/ipublic/item/5498103,10.1007/s11042-018-6318-5
https://portalcientifico.upm.es/es/ipublic/item/5563459,10.1145/3318396.3318422
https://portalcientifico.upm.es/es/ipublic/item/5654190,10.1007/978-3-319-94649-8_34
https://portalcientifico.upm.es/es/ipublic/item/5654192,10.1007/978-3-319-94649-8_38
https://portalcientifico.upm.es/es/ipublic/item/5658443,10.1007/978-3-030-13929-2_3
https://portalcientifico.upm.es/es/ipublic/item/5658584,10.1007/978-3-030-16187-3_20
https://portalcientifico.upm.es/es/ipublic/item/5725085,10.1007/978-3-030-24299-2_26
https://portalcientifico.upm.es/es/ipublic/item/6003961,10.1007/978-3-030-13363-4
https://portalcientifico.upm.es/es/ipublic/item/6013659,10.1017/S0269888919000195
https://portalcientifico.upm.es/es/ipublic/item/6182392,10.1007/978-3-030-31605-1_9
https://portalcientifico.upm.es/es/ipublic/item/6684916,10.1007/978-3-030-33246-4_43
https://portalcientifico.upm.es/es/ipublic/item/6822934,10.1007/978-3-030-32327-1_11
https://portalcientifico.upm.es/es/ipublic/item/9812322,10.1109/WI.2018.00-93
https://portalcientifico.upm.es/es/ipublic/item/9812329,10.1007/978-3-030-33752-0_18
https://portalcientifico.upm.es/es/ipublic/item/5658173,
https://portalcientifico.upm.es/es/ipublic/item/5658593,
https://portalcientifico.upm.es/es/ipublic/item/5754065,
https://portalcientifico.upm.es/es/ipublic/item/5811033,
https://portalcientifico.upm.es/es/ipublic/item/5880298,
https://portalcientifico.upm.es/es/ipublic/item/5880299,
https://portalcientifico.upm.es/es/ipublic/item/6185897,
https://portalcientifico.upm.es/es/ipublic/item/6588369,
https://portalcientifico.upm.es/es/ipublic/item/6684909,
https://portalcientifico.upm.es/es/ipublic/item/6684911,
https://portalcientifico.upm.es/es/ipublic/item/6684915,
https://portalcientifico.upm.es/es/ipublic/item/6822916,
https://portalcientifico.upm.es/es/ipublic/item/9107077,
https://portalcientifico.upm.es/es/ipublic/item/9342483,9788417969059
https://portalcientifico.upm.es/es/ipublic/item/9812323,
https://portalcientifico.upm.es/es/ipublic/item/9812325,
https://portalcientifico.upm.es/es/ipublic/item/9812330,
https://portalcientifico.upm.es/es/ipublic/item/9812331,
https://portalcientifico.upm.es/es/ipublic/item/9812332,
https://portalcientifico.upm.es/es/ipublic/item/9822267,
https://portalcientifico.upm.es/es/ipublic/item/9822276,
https://portalcientifico.upm.es/es/ipublic/item/9822283,
https://portalcientifico.upm.es/es/ipublic/item/9822284,
https://portalcientifico.upm.es/es/ipublic/item/9822291,
https://portalcientifico.upm.es/es/ipublic/item/9822311,
https://portalcientifico.upm.es/es/ipublic/item/9822312,
https://portalcientifico.upm.es/es/ipublic/item/9822313,
https://portalcientifico.upm.es/es/ipublic/item/9822317,
https://portalcientifico.upm.es/es/ipublic/item/9828800,
https://portalcientifico.upm.es/es/ipublic/item/9860016,
https://portalcientifico.upm.es/es/ipublic/item/9860020,
https://portalcientifico.upm.es/es/ipublic/item/9860022,
https://portalcientifico.upm.es/es/ipublic/item/9860029,
https://portalcientifico.upm.es/es/ipublic/item/9997569,
https://portalcientifico.upm.es/es/ipublic/item/9812321,10.1109/eScience.2018.00132
https://portalcientifico.upm.es/es/ipublic/item/5497806,10.1017/S1351324918000347
https://portalcientifico.upm.es/es/ipublic/item/5497670,10.1111/exsy.12275
https://portalcientifico.upm.es/es/ipublic/item/4102542,
https://portalcientifico.upm.es/es/ipublic/item/9810496,
https://portalcientifico.upm.es/es/ipublic/item/5654500,10.1109/INISTA.2018.8466303
https://portalcientifico.upm.es/es/ipublic/item/5497574,10.1016/j.future.2017.07.003
https://portalcientifico.upm.es/es/ipublic/item/5497575,10.1016/j.future.2017.06.009
https://portalcientifico.upm.es/es/ipublic/item/9856386,
https://portalcientifico.upm.es/es/ipublic/item/5654234,10.1109/ICDCS.2018.00152
https://portalcientifico.upm.es/es/ipublic/item/5654237,10.1109/ICDCS.2018.00156
https://portalcientifico.upm.es/es/ipublic/item/5654236,10.1109/CCGRID.2018.00072
https://portalcientifico.upm.es/es/ipublic/item/5653890,10.1016/j.engappai.2018.03.007
https://portalcientifico.upm.es/es/ipublic/item/5497019,10.3390/s18051465
https://portalcientifico.upm.es/es/ipublic/item/5496978,10.1109/TLA.2018.8408424
https://portalcientifico.upm.es/es/ipublic/item/4013544,10.1145/3167132.3167164
https://portalcientifico.upm.es/es/ipublic/item/4013543,10.1145/3167132.3167341
https://portalcientifico.upm.es/es/ipublic/item/5496906,10.1016/j.ins.2017.12.050
https://portalcientifico.upm.es/es/ipublic/item/9856412,9783030133634
https://portalcientifico.upm.es/es/ipublic/item/5654229,10.1109/IntelliSys.2017.8324287
https://portalcientifico.upm.es/es/ipublic/item/5496750,10.3390/s18030757
https://portalcientifico.upm.es/es/ipublic/item/5496760,10.1007/s10115-017-1120-7
https://portalcientifico.upm.es/es/ipublic/item/5496768,10.1177/0735633117706047
https://portalcientifico.upm.es/es/ipublic/item/9107047,10.1111/aos.13519
https://portalcientifico.upm.es/es/ipublic/item/9810490,
https://portalcientifico.upm.es/es/ipublic/item/9810500,
https://portalcientifico.upm.es/es/ipublic/item/5496441,10.3390/s18010220
https://portalcientifico.upm.es/es/ipublic/item/5496531,10.1016/j.neucom.2017.06.022
https://portalcientifico.upm.es/es/ipublic/item/5496414,10.3390/app8010067
https://portalcientifico.upm.es/es/ipublic/item/5496440,10.3390/s18010108
https://portalcientifico.upm.es/es/ipublic/item/4013521,10.1007/978-3-319-62410-5_16
https://portalcientifico.upm.es/es/ipublic/item/4013540,10.7717/peerj.4795
https://portalcientifico.upm.es/es/ipublic/item/5496152,10.3233/SW-170267
https://portalcientifico.upm.es/es/ipublic/item/5496190,10.1155/2018/2068278
https://portalcientifico.upm.es/es/ipublic/item/5496249,10.3233/SW-180321
https://portalcientifico.upm.es/es/ipublic/item/5496352,10.3233/SW-170258
https://portalcientifico.upm.es/es/ipublic/item/5496355,10.1155/2018/4012740
https://portalcientifico.upm.es/es/ipublic/item/5496389,10.1155/2018/9741053
https://portalcientifico.upm.es/es/ipublic/item/5496241,10.3233/AIC-180772
https://portalcientifico.upm.es/es/ipublic/item/5653689,10.1007/978-3-319-73210-7_93
https://portalcientifico.upm.es/es/ipublic/item/5658095,10.5220/0006925300570067
https://portalcientifico.upm.es/es/ipublic/item/5658521,10.1007/978-3-030-00178-0_16
https://portalcientifico.upm.es/es/ipublic/item/5671762,10.1007/978-3-030-03667-6_2
https://portalcientifico.upm.es/es/ipublic/item/10179689,10.1002/9781119564034.ch25
https://portalcientifico.upm.es/es/ipublic/item/10179703,10.1145/3184558.3192316
https://portalcientifico.upm.es/es/ipublic/item/5514842,
https://portalcientifico.upm.es/es/ipublic/item/5514973,10.1007/978-3-319-98192-5_53
https://portalcientifico.upm.es/es/ipublic/item/5515033,10.1007/978-3-319-76168-8_7
https://portalcientifico.upm.es/es/ipublic/item/5515041,10.1007/978-3-319-74433-9_2
https://portalcientifico.upm.es/es/ipublic/item/5643381,10.1007/978-3-319-62530-0_8
https://portalcientifico.upm.es/es/ipublic/item/5658058,10.1007/978-3-030-03056-8_19
https://portalcientifico.upm.es/es/ipublic/item/5658059,10.1007/978-3-030-03056-8_27
https://portalcientifico.upm.es/es/ipublic/item/5658061,10.1007/978-3-030-03056-8_17
https://portalcientifico.upm.es/es/ipublic/item/5658063,10.1007/978-3-030-03056-8_26
https://portalcientifico.upm.es/es/ipublic/item/5658064,10.1007/978-3-030-03056-8_18
https://portalcientifico.upm.es/es/ipublic/item/5658520,10.1007/978-3-030-00178-0_24
https://portalcientifico.upm.es/es/ipublic/item/5658524,10.1007/978-3-030-00178-0_28
https://portalcientifico.upm.es/es/ipublic/item/5671759,10.1007/978-3-030-03667-6_8
https://portalcientifico.upm.es/es/ipublic/item/5671766,10.1007/978-3-030-03667-6_21
https://portalcientifico.upm.es/es/ipublic/item/9171751,
https://portalcientifico.upm.es/es/ipublic/item/9891207,10.1007/s11548-018-1727-5
https://portalcientifico.upm.es/es/ipublic/item/5653946,
https://portalcientifico.upm.es/es/ipublic/item/5653948,
https://portalcientifico.upm.es/es/ipublic/item/5654091,
https://portalcientifico.upm.es/es/ipublic/item/5654094,
https://portalcientifico.upm.es/es/ipublic/item/5654095,
https://portalcientifico.upm.es/es/ipublic/item/5654142,
https://portalcientifico.upm.es/es/ipublic/item/5654161,
https://portalcientifico.upm.es/es/ipublic/item/5654378,
https://portalcientifico.upm.es/es/ipublic/item/5654449,
https://portalcientifico.upm.es/es/ipublic/item/5654450,
https://portalcientifico.upm.es/es/ipublic/item/5654463,
https://portalcientifico.upm.es/es/ipublic/item/5654464,
https://portalcientifico.upm.es/es/ipublic/item/5654466,
https://portalcientifico.upm.es/es/ipublic/item/5654563,
https://portalcientifico.upm.es/es/ipublic/item/5658050,
https://portalcientifico.upm.es/es/ipublic/item/5658056,
https://portalcientifico.upm.es/es/ipublic/item/9053908,
https://portalcientifico.upm.es/es/ipublic/item/9060583,
https://portalcientifico.upm.es/es/ipublic/item/9076142,
https://portalcientifico.upm.es/es/ipublic/item/9088610,
https://portalcientifico.upm.es/es/ipublic/item/9088612,
https://portalcientifico.upm.es/es/ipublic/item/9088613,
https://portalcientifico.upm.es/es/ipublic/item/9107057,
https://portalcientifico.upm.es/es/ipublic/item/9822274,
https://portalcientifico.upm.es/es/ipublic/item/9822278,
https://portalcientifico.upm.es/es/ipublic/item/9822285,
https://portalcientifico.upm.es/es/ipublic/item/9822293,
https://portalcientifico.upm.es/es/ipublic/item/9822296,
https://portalcientifico.upm.es/es/ipublic/item/9822302,
https://portalcientifico.upm.es/es/ipublic/item/9822303,
https://portalcientifico.upm.es/es/ipublic/item/9822314,
https://portalcientifico.upm.es/es/ipublic/item/9860028,
https://portalcientifico.upm.es/es/ipublic/item/9860031,
https://portalcientifico.upm.es/es/ipublic/item/9860032,
https://portalcientifico.upm.es/es/ipublic/item/9860038,
